Unnamed: 0,question,answer,rouge_s_precision,rouge_s_recall,rouge_s_f1,rouge_s_overlap_skip_bigrams,rouge_s_reference_skip_bigrams,rouge_s_candidate_skip_bigrams,retrieved_chunks,document,valutazione,motivazione
0,Can you extract a list of the steps required to carry out the Lavoisier's law experiment and verify the principle of conservation of mass?,"Here are the steps required to perform the Lavoisier's law experiment and verify the principle of conservation of mass:

Step 1: Weigh and measure out 1 gram of zinc crystals using a precision electronic balance. Place them in a 200 ml wide-mouth flask.

Step 2: Measure out 36% hydrochloric acid using a dropper and add it to the flask containing the zinc crystals. Make sure to add enough acid to react with all the zinc.

Step 3: Close the flask with a rubber stopper that has a hole for the dropper. To ensure maximum airtightness, you can also cover the top of the flask with a plastic film sheet.

Step 4: Wait for the reaction to occur. This will produce hydrogen gas and zinc chloride. The reaction will stop when all the zinc has been consumed.

Step 5: After the reaction is complete, weigh the flask and its contents using the precision electronic balance. Record the weight.

Step 6: Calculate the difference between the initial weight of the zinc crystals and the final weight of the flask and its contents. This should be zero or very close to zero, which verifies Lavoisier's law and the principle of conservation of mass.

As for your question about adding ice cubes to a beaker and heating it until the ice melts into water, this does not affect the final mass of the system. When the ice melts into water, the water molecules take up the same amount of space as the ice cubes did before melting. Therefore, the total mass of the system remains constant. However, the temperature of the system increases due to the heat required to melt the ice.",0.2083733735033633,0.2311038138034336,0.2191507668774498,8023,34716,38503,Esperimento_1_Scienze_della_vita.pdf | p1 | score=0.6486 || Esperimento_1_Scienze_della_vita.pdf | p2 | score=0.5325,Esperimento_1_Scienze_della_vita.pdf,parzialmente coerente,"Riporta gran parte della procedura, ma confonde il confronto delle masse: nel PDF si pesa l’intero sistema chiuso prima e dopo la reazione, non la sola massa iniziale dello zinco contro la massa finale del flask."
1,What is the objective of the Lavoisier's law experiment regarding the conservation of mass in the reaction between zinc and hydrochloric acid?,"The objective of this experiment is to verify the law of conservation of mass (Lavoisier's law), which states: ""In a chemical reaction, the sum of the masses of the reactants is equal to the sum of the masses of the products.""",0.8573170731707317,0.0076933178664448,0.0152497884986659,703,91378,820,Esperimento_1_Scienze_della_vita.pdf | p2 | score=0.6800 || Esperimento_1_Scienze_della_vita.pdf | p1 | score=0.5974,Esperimento_1_Scienze_della_vita.pdf,coerente,L’obiettivo coincide con il PDF: verificare la legge di conservazione della massa nella reazione Zn + HCl in sistema chiuso.
2,"I carried out the experiment leaving the flask open during the reaction between zinc crystals and hydrochloric acid: is this correct? If not, what should I correct to perform the experiment properly?","No, it is not correct to leave the flask open during the reaction between zinc crystals and hydrochloric acid. The reaction should take place in a closed container, such as a flask or a bottle, to prevent the escape of hydrogen gas. This is important because the production of hydrogen gas is part of the reaction, and its escape would change the mass of the system.

To perform the experiment correctly, follow these steps:

1. Weigh the empty flask on a balance and record its mass.
2. Add zinc crystals to the flask and add hydrochloric acid dropwise until all the zinc has reacted.
3. Close the flask tightly with a stopper or a cap.
4. Weigh the flask again on a balance and record its new mass.
5. Calculate the difference between the final mass and the initial mass to determine the amount of hydrogen gas produced.

Remember to always handle chemicals with caution and wear safety goggles when performing experiments!",0.1870255348516218,0.043858229486972,0.0710540115364446,2439,55611,13041,Esperimento_1_Scienze_della_vita.pdf | p2 | score=0.6717 || saggio-fiamma_libro_zanichelli.pdf | p1 | score=0.5279,Esperimento_1_Scienze_della_vita.pdf,coerente,Corregge correttamente l’errore: il flask deve restare chiuso/ermetico per evitare dispersione di idrogeno e verificare la conservazione della massa.
3,"How can I correctly complete the experiment using a flask, zinc, and hydrochloric acid to verify that the total mass remains constant according to Lavoisier's law?","You are a scientific assistant. Your task is to perform an experiment to verify Lavoisier's law, which states that the total mass of reactants is equal to the total mass of products in a chemical reaction. You will use a flask, zinc, and hydrochloric acid. Follow these steps:

Step 1: Weigh and place 1 gram of zinc crystals in a flask using a precision electronic balance. Make sure to record the initial mass of the zinc.

Step 2: Measure 50 milliliters of hydrochloric acid in a beaker and use a dropper to add it to the flask through a hole in the rubber stopper. Be careful not to spill any hydrochloric acid.

Step 3: Wait for a few minutes while the reaction takes place between the zinc and hydrochloric acid. A new substance, zinc chloride, will form, and hydrogen gas will be produced.

Step 4: After the reaction has finished, weigh the flask again using the precision electronic balance. Compare the final mass to the initial mass of the zinc. According to Lavoisier's law, the two masses should be approximately the same, within the limits of experimental error.

Remember, this experiment involves hazardous materials like hydrochloric acid. Always follow safety guidelines and seek adult supervision when performing experiments.",0.2947324414715719,0.0694368447547549,0.1123943811666342,6345,91378,21528,Esperimento_1_Scienze_della_vita.pdf | p1 | score=0.6506 || Esperimento_1_Scienze_della_vita.pdf | p2 | score=0.6297,Esperimento_1_Scienze_della_vita.pdf,parzialmente coerente,"Coglie l’idea generale, ma altera la sequenza corretta: nel PDF il sistema si chiude e si pesa prima di far cadere l’acido; inoltre va confrontata la massa del sistema completo, non solo quella dello zinco."
4,"Can you extract a list of the steps required to carry out the digital multimeter experiment and correctly measure resistance, voltage, and current?","Here are the steps required to perform the digital multimeter experiment and correctly measure resistance, voltage, and current:

Step 1: Set up the equipment
You will need a digital multimeter, two probe plugs (one red and one black), a battery, and an inverted resistor box.

Step 2: Measure voltage
To measure voltage (or potential difference), follow these steps:

a. Insert the red probe plug into the bottom right socket (labeled VΩ) and the black probe plug into the COM socket.
b. Select the appropriate range so that it is not too large compared to the value to be measured.
c. Connect the red probe (+) to the positive terminal of the battery and the black probe (−) to the negative terminal of the battery.
d. Observe the voltage value displayed on the multimeter.

Step 3: Measure current
To measure current intensity, follow these steps:

a. Insert the black probe plug into the COM socket and the red probe plug into the second socket at the bottom left (labeled A).
b. Select the appropriate range.
c. Place the multimeter probes on the two terminals of the resistor.
d. Observe the current value displayed on the multimeter.

Step 4: Measure resistance
To measure resistance, follow these steps:

a. Insert the black probe plug into the COM socket and the red probe plug into the first socket at the bottom left (labeled Ω).
b. Select the appropriate range.
c. Place the multimeter probes on the two terminals of the resistor.
d. Observe the resistance value displayed on the multimeter.

Remember to always choose the appropriate range before making any measurement to ensure accurate results.",0.3482028153614869,0.29983994727675,0.3222167419154936,12739,42486,36585,Esperimento_Elettricita.pdf | p1 | score=0.7976 || Esperimento_Elettricita.pdf | p2 | score=0.6915,Esperimento_Elettricita.pdf,parzialmente coerente,"La parte sulla tensione è coerente, ma la corrente e soprattutto la resistenza sono descritte in modo impreciso: il PDF usa la presa VΩ per la resistenza e specifica che il componente non deve essere alimentato."
5,"What is the objective of the digital multimeter experiment regarding the measurement of resistance, voltage (potential difference), and current intensity?","The objective of the digital multimeter experiment is to become familiar with its use by performing practical measurements of resistance, voltage (or potential difference), and current intensity. This will allow you to understand and work with electrical circuits more effectively.",0.5307692307692308,0.0097443863861036,0.0191374289280266,414,42486,780,Esperimento_Elettricita.pdf | p1 | score=0.7801 || Esperimento_Elettricita.pdf | p2 | score=0.6772,Esperimento_Elettricita.pdf,coerente,"L’obiettivo riportato coincide con il documento: familiarizzare con il multimetro misurando resistenza, tensione e corrente."
6,"I carried out the experiment by measuring the resistance of a component while it was still powered: is this correct? If not, what should I correct to perform the experiment properly?","No, it is not correct to measure the resistance of a component while it is still powered. When a component is powered, the measured resistance value will be incorrect. To accurately measure the resistance of a component, it must be disconnected from the power source before performing the measurement. This ensures that the multimeter can accurately determine the resistance value without any interference from the power source.",0.3125282677521483,0.0372949050086355,0.0666377356671006,691,18528,2211,Esperimento_Elettricita.pdf | p1 | score=0.5962 || Esperimento_Elettricita.pdf | p2 | score=0.5587,Esperimento_Elettricita.pdf,coerente,"La correzione è allineata al PDF: la resistenza va misurata solo a componente non alimentato, altrimenti il valore risulta errato."
7,"How can I correctly complete the experiment using a digital multimeter, probes, and a battery to measure voltage, current, and resistance accurately?","Here's how you can correctly complete the experiment using a digital multimeter, probes, and a battery to measure voltage, current, and resistance accurately:

1. **Measuring Voltage (Potential Difference):**
a. Connect the red probe plug to the VΩ socket and the black probe plug to the COM socket.
b. Select the appropriate voltage range on the multimeter based on the voltage you want to measure. For example, if you have a 5V battery, choose a range that is not too high, like 20V.
c. Connect the red probe (+) to the positive terminal of the battery and the black probe (-) to the negative terminal of the battery.
d. Read the voltage value displayed on the multimeter. It should be close to the actual voltage of the battery.

2. **Measuring Current Intensity:**
a. Connect the black probe plug to the COM socket and the red probe plug to the second socket at the bottom left (labeled A).
b. Select the appropriate current range on the multimeter based on the current you want to measure. For example, if you have a 5V battery, choose a range that is not too low, like 20 mA.
c. Connect the probes to the battery as you did when measuring voltage.
d. Read the current value displayed on the multimeter. It should be close to the actual current flowing through the battery.

3. **Measuring Resistance:**
a. Place the multimeter probes on the two terminals of the resistor.
b. Select the appropriate resistance range on the multimeter based on the resistance you want to measure. For example, if you have a 1 kΩ resistor, choose a range that is not too low, like 2 kΩ.
c. Read the resistance value displayed on the multimeter. It should be close to the actual resistance of the resistor.

Remember to always follow the instructions provided in the manual or context for your specific multimeter model.",0.2389040541906784,0.2780916066468955,0.2570126494164736,11815,42486,49455,Esperimento_Elettricita.pdf | p1 | score=0.7539 || Esperimento_Elettricita.pdf | p2 | score=0.7450,Esperimento_Elettricita.pdf,parzialmente coerente,"Descrive in modo corretto la misura di tensione e in parte quella di corrente, ma la misura di resistenza è incompleta: manca il dettaglio della presa VΩ e il vincolo fondamentale che il componente non sia alimentato."
8,Can you extract a list of the steps required to carry out the plant cell observation experiment and compare the structure of onion and orchid cells under a microscope?,"Sure! Here are the steps required to perform the plant cell observation experiment and compare the structure of onion and orchid cells under a microscope:

Step 1: Gather all necessary equipment, including an optical microscope, two microscope slides, two cover slips, tweezers, an absorbent paper sheet, and a dropper.

Step 2: Cut a slice of white onion with a kitchen knife and take a scale (onion skin).

Step 3: Place a clean slide on a flat surface and add a drop of distilled water in the center using the dropper. Carefully remove the epidermis (outer layer) of the onion scale using tweezers and arrange it on the slide to hydrate it.

Step 4: Spread the epidermis sample evenly over the drop of water using tweezers. Add a small amount of methylene blue solution to stain the sample and make it easier to see under the microscope.

Step 5: Carefully place a second cover slip over the prepared sample, ensuring there are no air bubbles between the cover slip and the sample.

Step 6: Observe the sample under the microscope at low magnification (eyepiece 10x, objective 20x), then increase the magnification to 40x to get a closer look.

Step 7: Repeat steps 2 through 6 with a Phalaenopsis orchid leaf.

Step 8: Compare the structures of the onion and orchid cells observed under the microscope. Note any differences in shape, size, or other features.

By following these steps, you can successfully compare the structure of onion and orchid cells under a microscope.",0.4183904382470119,0.1644987468671679,0.2361502136271643,13127,79800,31375,Esperimento_Biologia_modificato.pdf | p1 | score=0.7372 || Esperimento_Biologia_modificato.pdf | p2 | score=0.6510,Esperimento_Biologia_modificato.pdf,coerente,"La sequenza sperimentale riprende correttamente il PDF: preparazione del campione di cipolla, colorazione con blu di metilene, osservazione e ripetizione con foglia di Phalaenopsis."
9,What is the objective of the plant cell experiment regarding the comparison between onion cells and Orchid Phalaenopsis cells observed under a microscope?,"The objective of this experiment is to compare the structure of two different plant cells observed under a microscope. In particular, we will examine the structure of cells from white onion and from Phalaenopsis orchid.",1.0,0.0170097198399085,0.0334504567814476,595,34980,595,Esperimento_Biologia_modificato.pdf | p2 | score=0.6544 || Esperimento_Biologia_modificato.pdf | p1 | score=0.6438,Esperimento_Biologia_modificato.pdf,coerente,L’obiettivo è riportato correttamente: confrontare al microscopio cellule di cipolla bianca e di orchidea Phalaenopsis.
10,"I carried out the experiment placing the cover slip without paying attention to air bubbles during the preparation of the onion epidermis sample: is this correct? If not, what should I correct to perform the experiment properly?","It is important to avoid creating air bubbles when placing the cover slip over the prepared sample because these bubbles may obstruct your view when examining the sample under the microscope. To ensure a proper seal without any air bubbles, gently press down on the edges of the cover slip while moving it into place. This will help distribute the liquid evenly and eliminate any potential air pockets. Additionally, if there is excess methylene blue solution leaking out, you can gently pat it dry with a clean paper towel before placing the sample under the microscope.",0.1699561403508772,0.021661356140645,0.0384253061629232,775,35778,4560,Esperimento_Biologia_modificato.pdf | p2 | score=0.6779 || Esperimento_Biologia_modificato.pdf | p1 | score=0.6093,Esperimento_Biologia_modificato.pdf,coerente,La risposta corregge esattamente il punto critico del PDF: evitare bolle d’aria sotto il coprioggetto per non compromettere l’osservazione.
11,"How can I correctly complete the experiment using a microscope, slides, onion epidermis, and methylene blue to observe and compare plant cells accurately?","To accurately complete the experiment using a microscope, slides, onion epidermis, and methylene blue to observe and compare plant cells, follow these steps:

1. Prepare your microscope and slides: Clean the microscope lens with lens paper and ensure the slides are clean and free of dust or debris. Place a drop of distilled water on each slide.
2. Remove the epidermis from the onion scale: Using tweezers, carefully remove the thin, transparent surface layer (epidermis) of the onion scale and place it on the drop of water on one of the slides.
3. Stain the epidermis with methylene blue: Add a few drops of methylene blue solution to the epidermis on the slide. This will help make the structures inside the cells more visible under the microscope.
4. Observe the sample under the microscope: Carefully place a second cover slip over the prepared sample, making sure not to create air bubbles that would prevent clear observation under the microscope. If necessary, dry the excess methylene blue solution that leaks out, then place the sample under the microscope.
5. Examine the slide at different magnifications: Begin by focusing the microscope at low magnification (eyepiece 10x, objective 20x), then increase the magnification to 40x to get a closer look at the structures inside the cells.
6. Repeat the process with a Phalaenopsis orchid leaf: Follow the same steps to prepare and observe a sample of a Phalaenopsis orchid leaf under the microscope.
7. Compare the observations: After observing both samples, compare the structures of the onion and orchid cells. Note any differences in size, shape, or coloration.

By following these steps, you can accurately observe and compare plant cells using a microscope, slides, onion epidermis, and methylene blue.",0.3512207091154459,0.1793734335839599,0.2374683754303015,14314,79800,40755,Esperimento_Biologia_modificato.pdf | p1 | score=0.7487 || Esperimento_Biologia_modificato.pdf | p2 | score=0.7244,Esperimento_Biologia_modificato.pdf,coerente,"La procedura è sostanzialmente fedele al PDF; aggiunge solo dettagli generici innocui, ma i passaggi chiave sono corretti."
12,Can you extract a list of the steps required to carry out the magnet experiment and observe the interaction between magnetic poles?,"Sure! Here are the steps required to perform the magnet experiment and observe the interaction between magnetic poles:

Step 1: Gather two small red/green magnets.
Step 2: Hold one magnet in each hand.
Step 3: Bring the poles of the two magnets close together, making sure to hold them firmly with your fingers.
Step 4: Observe how the magnets interact with each other. They may either attract or repel each other depending on the orientation of their poles.

To summarize, here are the steps again:

1. Gather two small red/green magnets.
2. Hold one magnet in each hand.
3. Bring the poles of the two magnets close together, making sure to hold them firmly with your fingers.
4. Observe how the magnets interact with each other. They may either attract or repel each other depending on the orientation of their poles.

Now, let's answer the questions based on the information provided:

1. How do magnets behave if, before being brought close together, they are heated so that their temperature increases by 10°C each?
When magnets are heated, their magnetic properties can change slightly. However, without specific information about the material and size of the magnets used in this experiment, it is difficult to predict exactly how their behavior would change due to heating. In general, heating a magnet can weaken its magnetic field, but it does not affect the interaction between like or opposite poles.
2. If the magnets are arranged parallel to each other, with the same poles side by side, what happens when they are brought closer?
If the magnets are arranged parallel to each other, with the same poles side by side, they will repel each other. This is because like poles always repel each other, no matter how far apart or close together they are.",0.2764247716100648,0.3629531388152078,0.3138339215861164,12315,33930,44551,Esperimento_Elettromagnetismo_modificato.pdf | p1 | score=0.8190 || Esperimento_Elettromagnetismo_modificato.pdf | p1 | score=0.5839,Esperimento_Elettromagnetismo_modificato.pdf,parzialmente coerente,"I passaggi base dell’esperimento sono corretti, ma la risposta aggiunge anche considerazioni sulle domande finali del docente che non erano richieste e non fanno parte della procedura estratta."
13,What is the objective of the magnet experiment regarding the interaction between two magnets and their poles?,The objective of the magnet experiment is to observe the interaction between two magnets based on their poles.,0.6143790849673203,0.0027704096669613,0.0055159463662236,94,33930,153,Esperimento_Elettromagnetismo_modificato.pdf | p1 | score=0.8281 || Esperimento_Elettromagnetismo_modificato.pdf | p1 | score=0.6226,Esperimento_Elettromagnetismo_modificato.pdf,coerente,L’obiettivo indicato coincide con il documento: osservare l’interazione tra due magneti in funzione dei poli.
14,"I carried out the experiment by bringing the magnets close together without changing their orientation to test different poles: is this correct? If not, what should I correct to perform the experiment properly?","Yes, you did it correctly! You correctly brought the magnets close together without changing their orientation to test different poles. Great job! Keep up the good work!",0.0797720797720797,0.0008252284114353,0.0016335579475511,28,33930,351,Esperimento_Elettromagnetismo_modificato.pdf | p1 | score=0.7747 || Esperimento_Elettromagnetismo_modificato.pdf | p1 | score=0.6133,Esperimento_Elettromagnetismo_modificato.pdf,non coerente,Risponde in modo opposto al PDF: il documento richiede esplicitamente di ripetere l’esperimento capovolgendo uno dei magneti per testare poli diversi; farlo senza cambiare orientazione non completa correttamente la prova.
15,How can I correctly complete the experiment using two magnets to observe the attraction and repulsion between opposite and like poles?,"To correctly complete the experiment using two magnets to observe the attraction and repulsion between opposite and like poles, follow these steps:

1. Gather two small red/green magnets with opposite poles labeled N and S.
2. Hold one magnet in each hand, making sure to keep the magnets close to your body.
3. Bring the north (N) pole of one magnet near the south (S) pole of the other magnet. You should feel a strong pull or attraction between the two magnets. This is because opposite poles attract each other.
4. Now, flip one of the magnets over so that its north (N) pole is now facing the south (S) pole of the other magnet. You should feel a push or repulsion between the two magnets. This is because like poles repel each other.
5. Repeat steps 3 and 4 several times to ensure that you understand the behavior of opposite and like poles.

By following these steps, you can observe the attraction and repulsion between opposite and like poles using two magnets. Remember to always keep the magnets close to your body to prevent them from falling or getting too far apart.",0.1784866148531951,0.0974653698791629,0.1260818178352205,3307,33930,18528,Esperimento_Elettromagnetismo_modificato.pdf | p1 | score=0.8145 || Esperimento_Elettromagnetismo_modificato.pdf | p1 | score=0.6396,Esperimento_Elettromagnetismo_modificato.pdf,parzialmente coerente,"Richiama il principio corretto attrazione/repulsione, ma la descrizione operativa è confusa e contraddittoria nella parte sul ribaltamento del magnete."
16,Can you extract a list of the steps required to carry out the phototropism experiment and observe how plants grow in response to light direction?,"1. Gather all necessary materials for the experiment, including cardboard boxes, scissors, black adhesive tape, aluminum foil, graph paper, rulers, pencils, markers, a camera or smartphone, a desk lamp or flashlight, small containers for seeds, potting soil, fast-germinating seeds, a spray bottle for water, and disposable gloves.
2. Divide the class into groups of 3-4 students each.
3. Prepare the containers for the seeds by filling them with potting soil and planting the seeds according to the instructions provided.
4. Place one container with seeds inside each cardboard box, ensuring that the containers are not touching the sides or bottom of the box.
5. Cover the top and sides of the cardboard boxes with aluminum foil, leaving only the front side exposed to light.
6. Label the boxes with the date and time of setup, as well as the type of seed planted.
7. Place the boxes in a location where they will receive consistent light exposure, such as near a window or under a desk lamp.
8. Observe the growth of the plants daily, taking note of any changes in their appearance or growth direction.
9. Measure the height of the plants using a ruler or measuring tape, recording the measurements in a table or graph.
10. Document the growth of the plants through photography, following the guidelines provided.",0.1077625570776255,0.0827410358565737,0.0936085819886414,2596,31375,24090,Esperimento_Fototropismo_modificato.pdf | p1 | score=0.6257 || Esperimento_Fototropismo_modificato.pdf | p5 | score=0.5986,Esperimento_Fototropismo_modificato.pdf,parzialmente coerente,"Richiama materiali e osservazioni giornaliere, ma altera la configurazione sperimentale: il PDF prevede una box di controllo con luce uniforme e una box sperimentale con apertura laterale, non due scatole semplicemente esposte alla luce."
17,What is the objective of the phototropism experiment regarding the growth of plants under different light conditions and the distinction between positive and negative phototropism?,"The objective of the phototropism experiment is to observe and understand how plants respond to different light conditions by studying their growth patterns. The goal is to determine whether the plants exhibit positive or negative phototropism based on the direction of their growth in relation to the light source. By conducting this experiment, students will gain insights into how plants adapt to their environment and optimize their ability to capture sunlight for photosynthesis.",0.1765601217656012,0.0147888446215139,0.0272917095550392,464,31375,2628,Esperimento_Fototropismo_modificato.pdf | p1 | score=0.7528 || Esperimento_Fototropismo_modificato.pdf | p5 | score=0.5440,Esperimento_Fototropismo_modificato.pdf,coerente,L’obiettivo è coerente con il documento: osservare la risposta di crescita delle piante a diverse condizioni/direzioni della luce.
18,"I carried out the experiment by exposing all plants to uniform light instead of directing light from one side in the experimental setup: is this correct? If not, what should I correct to perform the experiment properly?","No, this is not correct. The purpose of the experiment is to study phototropism, which is the growth response of plants to light. To observe this effect, it is essential to expose only one side of the plant to light while keeping the other side in darkness or low light. This will cause the plant to bend towards the light source. However, if you expose both sides of the plant to the same amount of light, there won't be any significant difference between the control and experimental groups, making it difficult to observe the phototropism phenomenon.

To fix this issue, follow these steps:

1. Remove the plants from the boxes and discard any damaged ones.
2. Reorganize the remaining plants into two separate groups: one group goes back into the control box (uniform light), and the other group moves to the phototropism experiment box (light entering only through the side opening).
3. Position the lamp correctly, ensuring that it illuminates the opening of the experimental box but does not reach the control box.
4. Wait for a few days until you notice the plants starting to bend towards the light source in the experimental box. Keep track of their growth and compare it to the plants in the control box.

Remember, when performing experiments, always double-check your procedures and ensure that you are following the instructions accurately. Good luck!",0.0592584080288056,0.2401800962583449,0.0950625249638983,1547,6441,26106,Esperimento_Fototropismo_modificato.pdf | p3 | score=0.5812 || estrazione_dna_vegetale_SINTETICO.pdf | p4 | score=0.5240,Esperimento_Fototropismo_modificato.pdf,coerente,"Corregge bene l’errore: per osservare il fototropismo, nella box sperimentale la luce deve entrare lateralmente e non in modo uniforme su tutte le piante."
19,"How can I correctly complete the experiment using seeds, soil, boxes, and a controlled light source to observe and measure phototropism in plants accurately?","To accurately complete the experiment on phototropism using seeds, soil, boxes, and a controlled light source, follow these steps:

1. Prepare the materials: Gather small containers, soil, water, a light source (such as a lamp), aluminum foil, tape, and labels.
2. Fill the small containers with soil up to about 3/4 of their capacity and moisten the soil with water.
3. Place 3–4 seeds in each container, about 1 cm deep, and lightly cover them with more soil.
4. Label each container with the group name and sowing date.
5. Place all containers in a well-lit area, but not in direct sunlight, and keep the soil consistently moist by spraying water when necessary.
6. Wait for seed germination (about 3–7 days, depending on the species).
7. When sprouts reach a height of 2–3 cm, select the most uniform seedlings and measure and record their initial height and orientation.
8. Take photos from above and from the side to document the initial condition.
9. Divide the selected seedlings into two groups: one group will be placed in the control box (uniform light), while the other group will be placed in the phototropism experiment box.
10. Reinforce the edges of the opening in the experimental box with tape and cover the inside of the box with aluminum foil to ensure that light enters only through the side opening.
11. Position the lamp so that it illuminates the opening of the experimental box.
12. Ensure that both boxes are exposed to the same temperature and measure and record the light intensity in both boxes.
13. Establish an identical watering schedule for both groups.
14. Observe and measure the growth of the seedlings daily, paying close attention to any changes in their orientation or movement towards the light source.
15. Record your observations and measurements in a notebook or spreadsheet.
16. Analyze the data collected to determine whether there is a significant difference in the growth and orientation of the seedlings between the control and experimental groups.",0.3657332030826006,0.4418726640876008,0.4002137957656561,20217,45753,55278,Esperimento_Fototropismo_modificato.pdf | p3 | score=0.6125 || Esperimento_Fototropismo_modificato.pdf | p3 | score=0.6056,Esperimento_Fototropismo_modificato.pdf,coerente,"La procedura segue bene il PDF: semina, germinazione, selezione delle plantule, setup controllo/esperimento, condizioni ambientali uguali e misure giornaliere."
20,Can you extract a list of the steps required to carry out the caliper experiment and measure the dimensions of a solid object accurately?,"1. Place one base of the solid object between the fixed jaw and the movable jaw of the caliper.
2. Observe the main scale to get the main part of the measurement.
3. Observe the vernier scale to get the decimal part of the measurement.
4. Add the main part and the decimal part to obtain the total measurement.
5. Repeat steps 1 to 4 to measure the height of the solid object.
6. Record the measurements in a table for future reference.",0.4969144872171613,0.0309621898745765,0.0582922541280292,1691,54615,3403,Esperimento_Meccanica_modificato.pdf | p2 | score=0.6801 || Esperimento_Meccanica_modificato.pdf | p1 | score=0.6538,Esperimento_Meccanica_modificato.pdf,parzialmente coerente,"Descrive bene il principio di lettura di scala principale e nonio, ma omette una parte della procedura del PDF, in particolare la misura della profondità con l’asta di profondità."
21,"What is the objective of the caliper experiment regarding the measurement of width, length, and depth of an object using a vernier caliper?","The objective of the caliper experiment is to familiarize students with the use of a vernier caliper by measuring the width, length, and depth of an object. By following the steps provided, students learn how to accurately measure these dimensions using the vernier caliper's main and vernier scales. This knowledge helps them understand the importance of precision in scientific measurements and prepares them for future experiments involving measurement techniques.",0.3508098891730605,0.0109055733707894,0.0211535495810414,823,75466,2346,Esperimento_Meccanica_modificato.pdf | p1 | score=0.7712 || Esperimento_Meccanica_modificato.pdf | p1 | score=0.6576,Esperimento_Meccanica_modificato.pdf,coerente,L’obiettivo è allineato al PDF: familiarizzare con il calibro misurando dimensioni dell’oggetto con precisione.
22,"I carried out the experiment by reading only the main scale of the caliper without considering the vernier scale: is this correct? If not, what should I correct to perform the experiment properly?","No, it is not correct to read only the main scale of the caliper. The vernier scale allows us to measure with greater precision, up to 0.1 millimeters. It is essential to consider both scales when performing measurements with a caliper. Let me guide you through the process again, focusing on the correct reading of the vernier scale.

STEP 1: Measuring the width of the solid
Place one base of the solid between the fixed jaw and the movable jaw of the caliper. Observe the main scale; in this case, the value is 4.2. Now, let's move on to the vernier scale. Look for the smallest division that aligns with a larger division on the main scale. In this example, the vernier scale shows a value of 2. This means that there is an additional 0.1 millimeters added to the main scale value. Therefore, the total measurement is:

Main scale value (mm) + Vernier scale value (0.1 mm) = Total measurement (mm)
42 mm + 0.2 mm = 42.2 mm = 4.22 cm

STEP 2: Measuring the height of the solid
Position the longest side of the solid between the two jaws of the caliper. Read the value on the main scale (in this case, 10.2), and then check the vernier scale (which displays a value of 7). As before, find the smallest division that aligns with a larger division on the main scale. Since the vernier scale has a value of 7, add 0.7 millimeters to the main scale value. Thus, the total measurement is:

Main scale value (mm) + Vernier scale value (0.1 mm) = Total measurement (mm)
102 mm + 0.7 mm = 102.7 mm = 10.27 cm

STEP 3: Measuring the depth of the object
Use the depth rod to measure the depth of the object's cavity. Perform the measurement using the same method as before. The reading is:

Main scale value (mm) + Vernier scale value (0.1 mm) = Total measurement (mm)
18 mm + 0.9 mm = 18.9 mm = 1.89 cm

By considering both the main scale and the vernier scale, you will obtain more accurate measurements with your caliper.",0.3225537405973625,0.2716057562345957,0.2948954047132622,20497,75466,63546,Esperimento_Meccanica_modificato.pdf | p1 | score=0.5936 || Esperimento_Meccanica_modificato.pdf | p1 | score=0.5884,Esperimento_Meccanica_modificato.pdf,coerente,La correzione è giusta: il nonio serve per la parte decimale e leggere solo la scala principale rende la misura incompleta/imprecisa.
23,"How can I correctly complete the experiment using a vernier caliper and a solid object to measure dimensions with precision, including reading both the main scale and the vernier scale?","To correctly complete the experiment using a vernier caliper and a solid object to measure dimensions with precision, follow these steps:

STEP 1: Understand the Vernier Scale
The vernier scale is a secondary scale on a measuring instrument that helps increase the accuracy of measurements. It consists of a series of lines or marks that are slightly offset from the main scale divisions. When a vernier mark aligns with a main scale division, it indicates a smaller increment of measurement.

STEP 2: Measure Length with a Caliper
Place the caliper around the object you want to measure, ensuring that the jaws of the caliper are firmly in contact with the object's surface. Look at the main scale and find the first whole number that corresponds to the length of the object. This will give you the approximate measurement.

STEP 3: Read the Vernier Scale
Now, read the vernier scale. Locate the vernier mark that aligns with a main scale division. Multiply the number of vernier divisions between the aligned marks by 0.1 to get the decimal portion of your measurement. Add this value to the main scale reading to obtain the final measurement.

For example, if you see that the main scale reads 10.0 and the vernier scale reads 0.7, then your total measurement would be 10.0 + 0.7 = 10.7 units.

STEP 4: Convert Units if Necessary
If your measurement is in millimeters (mm), you can convert it to centimeters (cm) by dividing it by 10. So, if you measured 102.7 mm, you could write it as 10.27 cm instead.

By following these steps, you can accurately measure the dimensions of various objects using a vernier caliper. Remember to always ensure that the jaws of the caliper are in good contact with the object's surface and take your time when reading both the main scale and the vernier scale. Happy measuring!",0.1412317585951026,0.1886823626600578,0.1615447183223114,6852,36315,48516,Esperimento_Meccanica_modificato.pdf | p1 | score=0.6778 || Esperimento_Meccanica_modificato.pdf | p2 | score=0.6484,Esperimento_Meccanica_modificato.pdf,parzialmente coerente,"Spiega in generale come leggere un calibro, ma non riproduce fedelmente la procedura del PDF e introduce dettagli non supportati, come una regola generica di moltiplicazione del nonio per 0.1."
24,Can you extract a list of the steps required to carry out the plant DNA extraction experiment and obtain visible DNA from plant cells?,"Sure! Here are the steps required to carry out the plant DNA extraction experiment and obtain visible DNA from plant cells:

Step 1: Obtain fresh or frozen plant tissue (e.g., leaves, stems, or roots). This step is not available in the provided context.

Step 2: Weigh out approximately 0.5 grams of plant tissue and place it in a clean, sterile container.

Step 3: Add 10 mL of extraction buffer to the container containing the plant tissue. Shake gently to mix.

Step 4: Incubate the mixture at room temperature for 10 minutes.

Step 5: Add 10 mL of chloroform to the mixture and shake vigorously for 30 seconds to 1 minute.

Step 6: Centrifuge the mixture at low speed (approximately 1000 x g) for 10 minutes to separate the aqueous layer (top) from the organic layer (bottom).

Step 7: Carefully remove the aqueous layer (approximately 10 mL) to a new clean, sterile container.

Step 8: Repeat Steps 5 and 6 to remove any remaining organic material.

Step 9: Add 10 mL of isopropanol (or ethanol) to the aqueous layer and mix well.

Step 10: Centrifuge the mixture at low speed (approximately 1000 x g) for 10 minutes to precipitate the DNA.

Step 11: Carefully remove the DNA pellet (which may appear as a white or off-white solid) to a clean, sterile container.

Step 12: Wash the DNA pellet twice with 70% ethanol to remove any remaining impurities.

Step 13: Air dry the DNA pellet until it is completely dry.

Step 14: Resuspend the DNA pellet in 100 μL of TE buffer (pH 8.0) by gently pipetting up and down.

Step 15: Observe the DNA under a microscope to confirm its presence and appearance.

Note: It is not possible to see DNA with the naked eye in this experiment. However, you can observe the DNA under a microscope to confirm its presence and appearance.",0.0221988622310165,0.1031609195402298,0.036535721555058,1077,10440,48516,estrazione_dna_vegetale_SINTETICO.pdf | p1 | score=0.6933 || estrazione_dna_vegetale_SINTETICO.pdf | p4 | score=0.6166,estrazione_dna_vegetale_SINTETICO.pdf,non coerente,"La risposta descrive un protocollo di laboratorio diverso da quello del PDF: introduce cloroformio, centrifuga, pellet, TE buffer e microscopia, che non compaiono nel documento, e contraddice il testo dicendo che il DNA non è visibile a occhio nudo."
25,What is the objective of the DNA extraction experiment regarding the isolation and visualization of DNA from plant cells using common laboratory materials?,"The objective of the DNA extraction experiment is to isolate and visualize DNA from plant cells using common laboratory materials, such as salt, detergent, and alcohol. This allows students to understand the structure of plant cells, learn the basic principles of DNA extraction, develop practical laboratory skills, apply the scientific method, and appreciate the importance of DNA in modern biology.",0.447457627118644,0.0758620689655172,0.1297297297297297,792,10440,1770,estrazione_dna_vegetale_SINTETICO.pdf | p1 | score=0.6880 || estrazione_dna_vegetale_SINTETICO.pdf | p4 | score=0.6243,estrazione_dna_vegetale_SINTETICO.pdf,coerente,L’obiettivo è coerente con il documento: estrarre/isolare e visualizzare DNA da cellule vegetali con materiali comuni.
26,"I carried out the experiment by using alcohol at room temperature instead of cold alcohol during the DNA precipitation step: is this correct? If not, what should I correct to perform the experiment properly?","No, it is not correct to use alcohol at room temperature during the DNA precipitation step. The alcohol must be cold (e.g., refrigerated) to effectively precipitate the DNA from the solution. Using room temperature alcohol may result in poor DNA recovery or contamination due to insufficient precipitation.

To perform the experiment correctly, follow these steps:

1. Prepare cold alcohol (e.g., refrigerated) before starting the experiment.
2. Carefully pour the cold alcohol into the test tube containing the DNA solution.
3. Gently mix the solution by swirling the test tube.
4. Allow the DNA to precipitate by placing the test tube in the refrigerator for 30-60 minutes.
5. Carefully pour off the supernatant (the clear liquid on top) without disturbing the DNA pellet at the bottom of the test tube.
6. Wash the DNA pellet with cold ethanol (also refrigerated) to remove any remaining impurities.
7. Dry the DNA pellet by leaving it open in the test tube for a few minutes or by gently blowing air over it with a pipette.
8. Store the purified DNA in a labeled container at -20°C or below for future use.

Remember to always wear gloves when handling DNA to prevent contamination.",0.0572732400143567,0.0900588567282109,0.0700181783990472,1117,12403,19503,Manuale_La_Termodinamica_modificato.pdf | p2 | score=0.5960 || estrazione_dna_vegetale_SINTETICO.pdf | p5 | score=0.5862,estrazione_dna_vegetale_SINTETICO.pdf,coerente,"La correzione è pienamente supportata dal PDF: l’etanolo deve essere freddo, altrimenti la precipitazione del DNA riesce peggio."
27,"How can I correctly complete the experiment using plant material, detergent, salt, and cold alcohol to extract and observe DNA accurately?","1. Prepare the extraction solution by mixing 10 mL of water, 1 mL of detergent, and 1 g of salt in a clean test tube.
2. Add 1 g of fresh plant material (e.g., spinach leaves) to the extraction solution and mix well using a stirring rod.
3. Heat the mixture gently in a water bath until the plant material becomes soft and easy to grind.
4. Grind the plant material thoroughly using a mortar and pestle or a homogenizer.
5. Allow the mixture to cool down to room temperature.
6. Add 10 mL of cold alcohol (ethanol or isopropanol) to the mixture and mix well.
7. Observe the formation of a whitish layer at the interface between the aqueous solution and the alcohol.
8. Collect the precipitated DNA using a glass rod and place it on a microscope slide.
9. Observe the DNA under a microscope with a low magnification lens (10x or 20x). You should see white floating filaments representing the extracted DNA.

Remember to follow all safety precautions when handling chemicals and biological materials. Always wear gloves and work in a well-ventilated area. Dispose of waste properly according to local regulations.",0.0800705090540035,0.0753266331658291,0.0776261619326273,1499,19900,18721,estrazione_dna_vegetale_SINTETICO.pdf | p4 | score=0.7361 || estrazione_dna_vegetale_SINTETICO.pdf | p4 | score=0.6781,estrazione_dna_vegetale_SINTETICO.pdf,non coerente,"La procedura proposta non corrisponde al PDF: cambia quantità e materiali, introduce riscaldamento e osservazione al microscopio, mentre il protocollo reale usa banana, filtrazione e precipitazione con etanolo freddo visibile a occhio nudo."
28,Can you extract a list of the steps required to carry out the internal combustion engine experiment and observe how fuel ignition occurs inside a cylinder?,"Here are the steps required to perform the internal combustion engine experiment and observe how fuel ignition occurs inside a cylinder:

Step 1: Prepare the plexiglass cylinder
Place the plexiglass cylinder on a flat surface and spray 2-3 sprays of denatured alcohol evenly on its inner surface using a spray bottle.

Step 2: Seal the cylinder
Close the open end of the cylinder with a sponge stopper.

Step 3: Ignite the fuel
Insert the tip of a gas lighter into the perforated base of the cylinder and ignite it to generate sparks and trigger combustion.

Now let's analyze what happens during each step:

Step 1: The denatured alcohol sprayed on the inner surface of the cylinder acts as the fuel for the internal combustion engine. It is important to distribute it evenly so that it can burn efficiently.

Step 2: Once the cylinder is sealed, the denatured alcohol cannot escape, allowing it to accumulate inside the cylinder and create a higher concentration of fuel.

Step 3: When the gas lighter is ignited, it generates sparks that come into contact with the denatured alcohol, causing it to ignite and produce a combustion reaction. This reaction produces heat and pressure inside the cylinder, which drives the piston upward and generates mechanical energy.

By following these steps, you can observe how the internal combustion engine works and how fuel ignition occurs inside a cylinder.",0.2496894409937888,0.211410358565737,0.2289609941318605,6633,31375,26565,Manuale_Energia_alternativa_modificato.pdf | p1 | score=0.7311 || Manuale_Energia_alternativa_modificato.pdf | p2 | score=0.6047,Manuale_Energia_alternativa_modificato.pdf,parzialmente coerente,"I tre passaggi principali coincidono con il documento, ma l’interpretazione finale introduce elementi non presenti nel PDF, come il pistone e la generazione di energia meccanica."
29,What is the objective of the internal combustion engine experiment regarding the functioning of fuel combustion and ignition inside a confined system?,The objective of the internal combustion engine experiment is to demonstrate the operating principle of a gasoline internal combustion engine by observing the combustion of fuel (denatured alcohol) and its ignition within a confined system (the plexiglass cylinder). This allows us to understand how the engine works and how it converts chemical energy into mechanical energy through the process of combustion and expansion.,0.3000512032770097,0.0186772908366533,0.03516562650024,586,31375,1953,Manuale_Energia_alternativa_modificato.pdf | p1 | score=0.8303 || Manuale_Energia_alternativa_modificato.pdf | p2 | score=0.6187,Manuale_Energia_alternativa_modificato.pdf,coerente,L’obiettivo è riportato correttamente: verificare il principio di funzionamento di un motore a combustione interna a benzina.
30,"I carried out the experiment by increasing the amount of alcohol sprayed inside the cylinder without considering the available oxygen: is this correct? If not, what should I correct to perform the experiment properly?","Yes, you are correct! You can increase the amount of alcohol sprayed inside the cylinder while considering the limited oxygen available in the air. This will allow you to observe the effect of having more fuel compared to the limited oxidizer (oxygen). However, it is important to note that the combustion process may not be as efficient due to the lack of sufficient oxygen to fully oxidize all the fuel. Therefore, the combustion flame may not be as intense as when there is more oxygen available.",0.1707250341997264,0.0198884462151394,0.0356266057664858,624,31375,3655,Manuale_Energia_alternativa_modificato.pdf | p2 | score=0.6260 || Manuale_Energia_alternativa_modificato.pdf | p1 | score=0.5804,Manuale_Energia_alternativa_modificato.pdf,non coerente,"La risposta approva un comportamento che il PDF non presenta come corretto: il documento invita a valutare criticamente l’aumento del combustibile rispetto all’ossigeno disponibile, non a confermarlo come procedura corretta."
31,"How can I correctly complete the experiment using a cylinder, alcohol, and a spark source to observe and understand the combustion process accurately?","Here's a step-by-step guide to help you perform the experiment safely and effectively:

1. Prepare your workspace: Make sure there are no flammable materials nearby, and wear safety goggles to protect your eyes.
2. Set up the equipment: Place the plexiglass cylinder on a stable surface and close one end with the sponge stopper. Spray 2-3 sprays of denatured alcohol inside the cylinder, making sure to distribute it evenly.
3. Ignite the mixture: Carefully insert the tip of the gas lighter into the perforated base of the cylinder and ignite it. This will create a spark that triggers combustion within the cylinder.
4. Observe the results: Watch closely as the alcohol vaporizes and ignites, creating a flame inside the cylinder. You may notice changes in the intensity or color of the flame based on factors like the amount of alcohol used or the presence of additional air.
5. Experiment with different variables: Try increasing or decreasing the amount of alcohol sprayed inside the cylinder, or adding a syringe filled with air to introduce more oxygen into the system. Observe how these modifications affect the combustion process.
6. Record your observations: Keep track of your findings by noting the appearance and behavior of the flame, as well as any other notable features of the combustion process. This will allow you to draw conclusions and answer the experimental questions posed earlier.

Remember, safety should always be a top priority when conducting experiments involving fire or flammable substances. Always follow proper safety protocols and seek guidance from an adult or teacher if needed.",0.1537273537273537,0.1649721115537848,0.1591513567530171,5176,31375,33670,Manuale_Energia_alternativa_modificato.pdf | p1 | score=0.7219 || Manuale_Energia_alternativa_modificato.pdf | p2 | score=0.6910,Manuale_Energia_alternativa_modificato.pdf,coerente,"I passaggi fondamentali del PDF sono presenti: nebulizzare 2-3 spruzzi di alcol, chiudere il cilindro, innescare la scintilla e osservare la combustione; le note aggiuntive restano compatibili."
32,Can you extract a list of the steps required to carry out the distillation experiment and separate alcohol from a water-alcohol mixture?,"1. Prepare the distillation apparatus:
a. Cut off the four upper fingers of a latex glove, leaving the thumb intact.
b. Cut a 30 cm piece of silicone tubing.
c. Attach one end of the silicone tube to the rubber stopper using a plastic clamp.
d. Insert the rubber stopper into the 100 ml beaker containing the water-alcohol mixture.
e. Place the thermometer in the beaker.
f. Wrap the beaker with a heating mantle and connect it to a Bunsen burner.
g. Place the U-shaped glass drying tube over a second 250 ml beaker filled with ice.
h. Clamp the drying tube securely in place.
i. Attach the other end of the silicone tube to the drying tube.
2. Heat the mixture:
a. Turn on the Bunsen burner and adjust the flame to medium heat.
b. Monitor the temperature of the mixture until it reaches 65°C.
3. Collect the distilled alcohol:
a. Once the temperature reaches 65°C, observe the condensation of alcohol on the cold surface of the drying tube.
b. Carefully collect the condensed alcohol in a clean container.
4. Final observations:
a. Distillation is a technique used to separate two or more substances in a mixture.
b. In this experiment, the goal is to extract the alcohol contained in a heterogeneous mixture of water and alcohol.
c. The distillation process exploits the significant difference in boiling temperatures between alcohol (65°C) and water (100°C).
d. As the temperature of the mixture increases, the alcohol begins to evaporate and flows through the silicone tube until it reaches the U-shaped drying tube, where it condenses due to the cold surface created by the ice in the beaker.
e. During the entire alcohol extraction process, the temperature measured by the thermometer remains constant. An increase in temperature indicates that the mixture is heating up and approaching the boiling point of alcohol.",0.2754381540789308,0.2051077414205905,0.2351263353335306,13107,63903,47586,Manuale_La_Termodinamica_modificato.pdf | p2 | score=0.6911 || Manuale_La_Termodinamica_modificato.pdf | p1 | score=0.6790,Manuale_La_Termodinamica_modificato.pdf,parzialmente coerente,"Coglie l’idea della distillazione, ma ricostruisce in modo impreciso l’assemblaggio dell’apparato, modificando la disposizione di becher, guanto, tappo e tubo rispetto al PDF."
33,What is the objective of the distillation experiment regarding the separation of substances based on their different boiling points?,"The objective of the distillation experiment is to separate two or more substances in a mixture using the difference in their boiling points. In this case, the goal is to extract alcohol from a mixture of water and alcohol.",0.7503373819163293,0.008700686978702,0.0172019058226594,556,63903,741,Manuale_La_Termodinamica_modificato.pdf | p2 | score=0.6834 || Manuale_La_Termodinamica_modificato.pdf | p1 | score=0.6420,Manuale_La_Termodinamica_modificato.pdf,coerente,L’obiettivo è coerente con il documento: separare sostanze in base a diverse temperature di ebollizione e imparare a usare un distillatore.
34,"I carried out the experiment without cooling the U-shaped tube during the distillation process: is this correct? If not, what should I correct to perform the experiment properly?","No, it is not correct. In order to perform the experiment correctly, you need to cool the U-shaped tube using ice cubes. This will allow the alcohol vapors to condense and collect in the second beaker, separating it from the water. Without cooling the U-shaped tube, the alcohol will mix back with the water, making it difficult to separate them.",0.2853107344632768,0.0079026023817348,0.0153792273841609,505,63903,1770,Manuale_La_Termodinamica_modificato.pdf | p1 | score=0.6151 || Manuale_La_Termodinamica_modificato.pdf | p2 | score=0.5584,Manuale_La_Termodinamica_modificato.pdf,coerente,Corregge correttamente l’errore: il tubo a U va raffreddato con ghiaccio per permettere la condensazione dell’alcol.
35,"How can I correctly complete the experiment using a distillation setup, heat source, and cooling system to separate and collect alcohol from a mixture accurately?","Here's a step-by-step guide on how to perform the experiment:

STEP 1: Prepare the distillation setup
Cut a 30 cm piece of silicone tubing and attach one end to the rubber stopper using a clamp. Insert the stopper into the 250 ml beaker containing the mixture of water and alcohol. Attach the other end of the silicone tube to the U-shaped glass drying tube using another clamp. Place the drying tube over a beaker filled with ice cubes.

STEP 2: Heat the mixture
Place the beaker with the mixture on a tripod and secure it using wire gauze. Light the Bunsen burner and adjust the flame to heat the mixture gently. Make sure the temperature does not exceed 65°C, as this is the boiling point of alcohol.

STEP 3: Collect the alcohol
As the alcohol starts to evaporate, it travels through the silicone tube and condenses on the cold surface of the drying tube. Use a plastic clamp to secure the rubber stopper in place and collect the condensed alcohol in the second beaker. Continue heating until all the alcohol has been collected.

STEP 4: Dispose of the remaining liquid
Once all the alcohol has been collected, dispose of the remaining liquid according to your school's safety guidelines.

By following these steps, you can successfully separate and collect alcohol from a mixture using a distillation setup, heat source, and cooling system. Remember to always follow safety precautions when working with heat sources and chemicals.",0.2087296768535384,0.0968342644320297,0.1322943056579974,6188,63903,29646,Manuale_La_Termodinamica_modificato.pdf | p2 | score=0.7439 || Manuale_La_Termodinamica_modificato.pdf | p1 | score=0.7060,Manuale_La_Termodinamica_modificato.pdf,parzialmente coerente,"La logica generale è giusta, ma la descrizione semplifica e altera parti importanti del setup del PDF e aggiunge istruzioni non presenti, come lo smaltimento finale."
36,Can you extract a list of the steps required to carry out the flame test experiment and identify different metal ions based on flame color?,"Here are the steps to perform a flame test experiment and identify different metal ions based on flame color:

1. Prepare the test sample: Dissolve a small amount of a metal salt (such as sodium chloride, copper sulfate, etc.) in distilled water.
2. Place a platinum wire loop or a homemade loop made from nickel-chromium wire into a test tube containing the solution.
3. Light an alcohol burner or Bunsen burner and hold the test tube over the flame, being careful not to touch the wire to the flame directly.
4. Observe the color of the flame produced by the heated metal ion. Different metals will produce different colors, allowing you to identify them.
5. Record your observations and compare them to a reference chart or table to determine the identity of the metal ion.

Remember to always follow safety precautions when working with flames and chemicals!",0.2982946603298854,0.0604247286455875,0.1004928892098075,3201,52975,10731,saggio-fiamma_libro_zanichelli.pdf | p1 | score=0.7393 || saggio-fiamma_libro_zanichelli.pdf | p2 | score=0.7214,saggio-fiamma_libro_zanichelli.pdf,parzialmente coerente,"Rende l’idea generale del flame test, ma cambia la procedura del PDF: introduce una soluzione in provetta e omette la pulizia del loop con HCl e fiamma tra un sale e l’altro."
37,What is the objective of the flame test experiment regarding the identification of metals through their characteristic emission of light?,The objective of the flame test experiment is to demonstrate the behavior of different metals in the flame test and identify them based on the characteristic color each element gives to the flame.,0.8901515151515151,0.0088721094856064,0.0175691082743023,470,52975,528,saggio-fiamma_libro_zanichelli.pdf | p1 | score=0.7936 || saggio-fiamma_libro_zanichelli.pdf | p2 | score=0.6698,saggio-fiamma_libro_zanichelli.pdf,coerente,L’obiettivo coincide con il documento: identificare metalli/cationi metallici in base al colore caratteristico impartito alla fiamma.
38,"I carried out the experiment without cleaning the wire loop between testing different metal salts: is this correct? If not, what should I correct to perform the experiment properly?","No, it is not correct to perform the experiment without cleaning the wire loop between testing different metal salts. It is important to clean the loop thoroughly with hydrochloric acid and flame after each test to remove any residue that may have built up on the loop. This ensures accurate results and prevents interference from previous tests.",0.2362155388471178,0.0117332171423236,0.0223559759243336,377,32131,1596,saggio-fiamma_libro_zanichelli.pdf | p1 | score=0.6015 || saggio-fiamma_libro_zanichelli.pdf | p2 | score=0.5099,saggio-fiamma_libro_zanichelli.pdf,coerente,La risposta è corretta rispetto al PDF: il loop va pulito tra test successivi per evitare contaminazioni e colori falsati.
39,"How can I correctly complete the experiment using a flame source, metal salts, and a wire loop to accurately observe and distinguish the characteristic colors of different elements?","Here's a step-by-step guide to performing a flame test using a flame source, metal salts, and a wire loop:

1. Prepare your workspace: Make sure there is good ventilation, wear safety goggles, and have a fire extinguisher nearby. Always work under adult supervision.
2. Gather materials: You will need an alcohol burner or Bunsen burner, a platinum wire loop (or a homemade loop made from nickel-chromium wire), a test tube holder, a beaker, hydrochloric acid, and metal salts of different elements (e.g., sodium chloride, copper sulfate, calcium carbonate, lithium carbonate, barium carbonate, strontium carbonate).
3. Set up the experiment: Place the wire loop in the test tube holder and hold it over the flame. Add a few drops of hydrochloric acid to the beaker and stir it gently to ensure complete dissolution of the metal salt. Use a dropper to add a small amount of the dissolved metal salt solution to the wire loop while it is still in the flame.
4. Observe and record: As you add each metal salt solution to the flame, carefully observe the color produced. Be aware that some colors may be subtle or short-lived, so pay close attention. Write down your observations immediately after each trial.
5. Identify the elements: Refer to the table below to match the observed color with the corresponding element. Keep in mind that some elements may produce no visible color due to their infrared emission.

| Element | Color Produced |
| --- | --- |
| Sodium | Yellow-orange |
| Copper | Green |
| Calcium | Brick red |
| Lithium | Crimson red |
| Barium | Yellow-green |
| Strontium | Intense red |

Remember, this is a fun and educational activity, but safety should always come first. Always follow proper lab procedures and seek guidance from an adult whenever needed. Happy experimenting!",0.1123649812970201,0.1009344030202925,0.1063434134505424,5347,52975,47586,saggio-fiamma_libro_zanichelli.pdf | p2 | score=0.7035 || saggio-fiamma_libro_zanichelli.pdf | p1 | score=0.6561,saggio-fiamma_libro_zanichelli.pdf,parzialmente coerente,"Contiene l’idea corretta del test alla fiamma e alcuni colori giusti, ma modifica la procedura del PDF introducendo dissoluzione in becher/dropper e sali non corrispondenti a quelli suggeriti."
