row_id,document,question,answer,valutazione,motivazione,retrieved_chunks,rouge_s_precision,rouge_s_recall,rouge_s_f1
0,Esperimento_1_Scienze_della_vita.pdf,Can you extract a list of the steps required to carry out the Lavoisier's law experiment and verify the principle of conservation of mass?,"Sure! Here are the steps required to perform the Lavoisier's law experiment and verify the principle of conservation of mass:

Step 1: Weigh and measure out 1 gram (g) of zinc crystals using a precision electronic balance. Place the zinc crystals in a 200 mL wide-mouth flask.

Step 2: Measure out 36% hydrochloric acid using a dropper and add it to the flask containing the zinc crystals. Make sure to close the flask tightly with a rubber stopper that has a hole for the dropper. To ensure maximum airtightness, you can also cover the top of the flask with a plastic film sheet.

Step 3: Wait for the reaction between the zinc and hydrochloric acid to occur. This will produce hydrogen gas and zinc chloride. During this process, keep track of the weight of the flask and its contents. Write down the initial weight before adding the zinc and hydrochloric acid, and then write down the final weight after the reaction has occurred.

Step 4: Calculate the difference between the initial and final weights. According to Lavoisier's law, the total mass of the reactants should be equal to the total mass of the products. Therefore, the difference in weight should be zero or very close to zero.

By performing these steps and verifying Lavoisier's law, you can demonstrate the principle of conservation of mass in a chemical reaction. Keep in mind that other factors, such as changes in temperature or volume, may affect the overall mass of the system. However, as long as there is no net gain or loss of matter, Lavoisier's law remains valid.",parzialmente coerente,"La procedura è in gran parte corretta, ma inserisce dettagli non supportati o imprecisi dal PDF (ad esempio sembra aggiungere l'acido direttamente nel flask e introduce note generali su temperatura/volume non presenti).",Esperimento_1_Scienze_della_vita.pdf | p1 | score=0.6486 || Esperimento_1_Scienze_della_vita.pdf | p2 | score=0.5325,0.2008795573840261,0.2039405461458693,0.2023984791526707
1,Esperimento_1_Scienze_della_vita.pdf,What is the objective of the Lavoisier's law experiment regarding the conservation of mass in the reaction between zinc and hydrochloric acid?,"The objective of this experiment is to verify Lavoisier's law, which states that the total mass of reactants is equal to the total mass of products during a chemical reaction. In this case, the reaction between zinc and hydrochloric acid produces zinc chloride and hydrogen gas, but according to Lavoisier's law, the total mass before and after the reaction should remain unchanged.",coerente,L'obiettivo riportato coincide con quello del documento: verificare la legge di Lavoisier confrontando massa dei reagenti e dei prodotti.,Esperimento_1_Scienze_della_vita.pdf | p2 | score=0.6800 || Esperimento_1_Scienze_della_vita.pdf | p1 | score=0.5974,0.4362771020624008,0.009028431351091,0.0176907654204505
2,Esperimento_1_Scienze_della_vita.pdf,"I carried out the experiment leaving the flask open during the reaction between zinc crystals and hydrochloric acid: is this correct? If not, what should I correct to perform the experiment properly?","No, it is not correct to leave the flask open during the reaction between zinc crystals and hydrochloric acid. You should keep the flask closed throughout the entire process to ensure that the produced hydrogen gas stays trapped inside. By doing so, you will be able to observe the formation of hydrogen gas without its escape, which helps demonstrate Lavoisier's law of conservation of mass.

Here are some steps to follow when performing this experiment correctly:

1. Weigh the empty flask on a balance and record its weight.
2. Add zinc crystals to the flask and then add hydrochloric acid using a dropper. Make sure to cover the flask with a watch glass or a plastic sheet to prevent the evaporation of the acid.
3. Seal the flask with a rubber stopper or a clamp and a glass rod to ensure that no gas escapes.
4. Wait for the reaction to occur and observe the formation of bubbles or gas inside the flask.
5. Measure the final weight of the flask and its contents on the balance. The weight should be approximately the same as the initial weight, taking into account any measurement errors.
6. After the experiment, remove the rubber stopper carefully and allow the hydrogen gas to escape. Dispose of the used materials safely according to your school guidelines.

Remember to always handle chemicals with caution and wear protective gear like safety glasses and gloves. Also, make sure to ask your teacher for permission before performing any experiments and follow their instructions carefully.",parzialmente coerente,"Corregge bene l'errore principale: il flask deve restare chiuso per trattenere l'idrogeno. Tuttavia aggiunge passaggi e strumenti non presenti nel PDF (es. pesare il flask vuoto, watch glass, clamp, smaltimento dettagliato).",Esperimento_1_Scienze_della_vita.pdf | p2 | score=0.6717 || saggio-fiamma_libro_zanichelli.pdf | p1 | score=0.5279,0.1266327003242242,0.0737444030857204,0.0932087822173735
3,Esperimento_1_Scienze_della_vita.pdf,"How can I correctly complete the experiment using a flask, zinc, and hydrochloric acid to verify that the total mass remains constant according to Lavoisier's law?","You are a scientific assistant.

STRICT RULES:
- Use ONLY the information from the provided context.
- DO NOT use prior knowledge.
- DO NOT add information that is not explicitly stated.
- If any step is missing, say: Not available in the provided context.

CONTEXT:
[Fonte: Esperimento_1_Scienze_della_vita.pdf - pagina 1]
PRINCIPLE OF CONSERVATION OF MASS: LAVOISIER’S LAW (1st LAW) – 20 min 
Time required 
20 minutes 
Equipment 
• 1 × Precision electronic balance (not included)  
• 1 × 200 ml wide-mouth flask  
• 1 × Rubber stopper with a hole for the flask  
• 1 × Plastic film sheet  
• 1 × Dropper  
• 1 × 50 ml beaker  
• 1 × Spatula  
• Zinc crystals (reagent not included)  
• 36% hydrochloric acid in a bottle (reagent not included)  
EXPERIMENT IMAGES 
STEP 1: Flask with zinc crystals closed with a perforated stopper and a dropper containing 
hydrochloric acid 
 
Objective of Experiment No. 1 
The objective of this experiment is to verify the law of conservation of mass (Lavoisier’s law), 
which states: 
“In a chemical reaction, the sum of the masses of the reactants is equal to the sum of the 
masses of the products. ”  
 
Description of the experiment 
• Using the spatula and the electronic balance, weigh and pour 1 g of zinc crystals into 
the flask.  
• Pour hydrochloric acid into the beaker and then use the dropper to take an appropriate 
amount.  
• Insert the dropper into the hole of the rubber stopper and close the flask (see STEP 1). 
To ensure maximum airtightness, plastic film can be

[Fonte: Esperimento_1_Scienze_della_vita.pdf - pagina 2]
• At this point, remove the flask from the balance and press the dropper, releasing the 
hydrochloric acid onto the zinc, which will cause the following reaction to occur: 
Zn + 2HCl → ZnCl₂ + H₂ 
• What is produced is hydrogen in gaseous form, which remains inside the closed flask. 
By measuring",non coerente,La risposta non risponde davvero alla domanda: contiene prompt leakage e riporta il contesto invece di sintetizzare i passaggi corretti dell'esperimento.,Esperimento_1_Scienze_della_vita.pdf | p1 | score=0.6506 || Esperimento_1_Scienze_della_vita.pdf | p2 | score=0.6297,0.7573471786833855,0.4230230471229398,0.5428386861211364
4,Esperimento_Elettricita.pdf,"Can you extract a list of the steps required to carry out the digital multimeter experiment and correctly measure resistance, voltage, and current?","1. Gather all necessary equipment: a digital multimeter, a connector with a red probe, a connector with a black probe, a battery (not included), and an inverted resistor box.
2. For voltage measurement:
   a. Insert the red probe plug into the bottom right socket labeled ""VΩ"" and the black probe plug into the COM socket.
   b. Set the appropriate voltage range on the multimeter based on the voltage to be measured (e.g., for a 5V battery, choose a range lower than 20V).
   c. Connect the red probe (+) to the positive terminal of the battery and the black probe (-) to the negative terminal of the battery.
3. For current measurement:
   a. Insert the black probe plug into the COM socket and the red probe plug into the second socket at the bottom left labeled ""A.""
   b. Set the appropriate current range on the multimeter based on the expected current (e.g., for a 5V battery, choose a range suitable for the resistance value).
   c. Place the multimeter probes on the two terminals of the resistor being measured.
4. Steps for resistance measurement:
   a. Insert the black probe plug into the COM socket and the red probe plug into the first socket at the top left labeled ""Ω"".
   b. Set the appropriate resistance range on the multimeter based on the expected resistance value.
   c. Place the multimeter probes on the two terminals of the resistor being measured.
5. Additional notes:
   a. When measuring voltage or current, ensure that the multimeter is set to the appropriate range before placing the probes on the components.
   b. Ensure that the battery is fully charged or replace it with a fresh one to avoid voltage drops affecting the measurements.
   c. Be aware that some multimeters may have different socket labels or layouts; refer to your specific device's manual for proper usage.",parzialmente coerente,"Recupera parte della procedura per tensione, corrente e resistenza, ma introduce anche istruzioni errate o non supportate dal PDF, soprattutto sui socket e sul collegamento per la misura di corrente/resistenza.",Esperimento_Elettricita.pdf | p1 | score=0.7976 || Esperimento_Elettricita.pdf | p2 | score=0.6915,0.2454730526090217,0.2696182271807184,0.2569797310181602
5,Esperimento_Elettricita.pdf,"What is the objective of the digital multimeter experiment regarding the measurement of resistance, voltage (potential difference), and current intensity?","The objective of the digital multimeter experiment is to become familiar with the use of the available digital multimeter by performing practical measurements of resistance, voltage (or potential difference), and current intensity.",coerente,"Riprende correttamente l'obiettivo del documento: familiarizzare con il multimetro misurando resistenza, tensione e intensità di corrente.",Esperimento_Elettricita.pdf | p1 | score=0.7801 || Esperimento_Elettricita.pdf | p2 | score=0.6772,0.9153225806451613,0.0106858729934566,0.0211251221441533
6,Esperimento_Elettricita.pdf,"I carried out the experiment by measuring the resistance of a component while it was still powered: is this correct? If not, what should I correct to perform the experiment properly?","No, it is not correct to measure the resistance of a component while it is still powered. The reason is that the resistance value will be incorrect because the current will flow through the component due to the power supply. To measure the correct resistance value, the component must be disconnected from the power supply or set to zero volts on the multimeter. This allows the multimeter to accurately measure the resistance without any influence from the power supply.

To perform the experiment correctly, follow these steps:

1. Disconnect the component from the power supply or set it to zero volts on the multimeter.
2. Select the appropriate resistance range on the multimeter based on the expected resistance value.
3. Place the multimeter probes on the two terminals of the component.
4. Read the resistance value displayed on the multimeter.

Remember to always double-check your measurements and settings to ensure accuracy and safety.",parzialmente coerente,L'idea centrale è corretta: la resistenza non va misurata su un componente alimentato. Però la risposta aggiunge spiegazioni e correzioni non presenti nel testo (es. 'set to zero volts').,Esperimento_Elettricita.pdf | p1 | score=0.5962 || Esperimento_Elettricita.pdf | p2 | score=0.5587,0.2019263845889232,0.126727115716753,0.1557235707653534
7,Esperimento_Elettricita.pdf,"How can I correctly complete the experiment using a digital multimeter, probes, and a battery to measure voltage, current, and resistance accurately?","1. To measure voltage (potential difference) across a 2.5V battery using a digital multimeter, follow these steps:
a. Insert the red probe plug into the bottom right socket (labeled VΩ) and the black probe plug into the COM socket.
b. Select the appropriate range on the multimeter so that it is not too large compared to the actual voltage to be measured (in this case, 2.5V). You may choose a range like 2V or 20V, but avoid using a range that is too small, such as 2mV, since this will cause measurement errors.
c. Connect the red probe (+) to the positive terminal of the battery and the black probe (-) to the negative terminal of the battery.
d. Read the displayed voltage value on the multimeter screen. It should be close to 2.5V, considering any possible measurement error.

2. To measure the current flowing through a circuit containing a resistor, follow these steps:
a. Insert the black probe plug into the COM socket and the red probe plug into the second socket at the bottom left (labeled A).
b. Set the appropriate current range on the multimeter based on the expected current flowing through the circuit. For example, if you know the current is less than 1mA, set the range to 200 μA or even lower.
c. Place the multimeter probes across the two ends of the resistor in the circuit. Make sure to keep the probes firmly connected to the resistor while reading the current value.
d. Observe the displayed current value on the multimeter screen. This represents the current flowing through the resistor.

Note: When measuring resistance, simply place the multimeter probes across the two terminals of the resistor, and read the displayed resistance value. Ensure the multimeter is set to the appropriate resistance range beforehand.",parzialmente coerente,"La risposta mostra la logica generale d'uso del multimetro, ma mescola esempi e valori non allineati al PDF e introduce elementi non richiesti o non documentati.",Esperimento_Elettricita.pdf | p1 | score=0.7539 || Esperimento_Elettricita.pdf | p2 | score=0.7450,0.2901618369958025,0.3042649343313091,0.2970460838493974
8,Esperimento_Biologia_modificato.pdf,Can you extract a list of the steps required to carry out the plant cell observation experiment and compare the structure of onion and orchid cells under a microscope?,"Here are the steps required to carry out the plant cell observation experiment and compare the structure of onion and orchid cells under a microscope:

Step 1: Prepare your workspace and equipment
You will need a clean microscope slide, a cover slip, tweezers, a dropper, a scale, and a kitchen knife.

Step 2: Obtain a slice of white onion
Cut a thin slice of white onion using a kitchen knife. Be careful not to damage the epidermal layer, which is the outermost layer of cells.

Step 3: Remove the epidermis from the onion slice
Using tweezers, carefully remove the epidermis (the thin, transparent surface layer) of the onion slice and place it on a clean microscope slide.

Step 4: Hydrate the epidermis sample
Place a drop of distilled water on the microscope slide and arrange the epidermis sample properly to hydrate it.

Step 5: Stain the epidermis sample with dye solution
Prepare a staining solution by mixing methylene blue powder with distilled water according to the manufacturer's instructions. Using tweezers, carefully apply the staining solution to the epidermis sample and let it sit for a few minutes until the sample turns blue.

Step 6: Observe the stained epidermis sample under the microscope
Carefully place a second cover slip over the prepared sample, making sure not to create air bubbles that would prevent clear observation under the microscope. If necessary, dry the excess methylene blue solution that leaks out, then place the sample under the microscope.

Step 7: Examine the sample under low and high magnification
Focus the microscope and carefully examine the slide first at low magnification (eyepiece 10x, objective 20x) and then at higher magnification (eyepiece 10x, objective 40x). Record your observations of the onion sample.

Step 8: Repeat the process with a Phalaenopsis orchid leaf
Repeat the same procedure with a fresh Phalaenopsis orchid leaf, comparing the structures of the cells to those of the onion.",parzialmente coerente,"Descrive bene la preparazione del campione di cipolla e l'uso del colorante, ma omette o semplifica alcuni passaggi sul confronto con l'orchidea e aggiunge dettagli non espliciti nel testo.",Esperimento_Biologia_modificato.pdf | p1 | score=0.7372 || Esperimento_Biologia_modificato.pdf | p2 | score=0.6510,0.4277126361526099,0.2701503759398496,0.331144443676413
9,Esperimento_Biologia_modificato.pdf,What is the objective of the plant cell experiment regarding the comparison between onion cells and Orchid Phalaenopsis cells observed under a microscope?,"The objective of this experiment is to compare the structure of two different plant cells observed under a microscope. In particular, we will examine the structure of cells from white onion and from Phalaenopsis orchid.",coerente,L'obiettivo è riportato correttamente: confrontare al microscopio la struttura delle cellule di cipolla bianca e di orchidea Phalaenopsis.,Esperimento_Biologia_modificato.pdf | p2 | score=0.6544 || Esperimento_Biologia_modificato.pdf | p1 | score=0.6438,1.0,0.0170097198399085,0.0334504567814476
10,Esperimento_Biologia_modificato.pdf,"I carried out the experiment placing the cover slip without paying attention to air bubbles during the preparation of the onion epidermis sample: is this correct? If not, what should I correct to perform the experiment properly?","Yes, it is correct to place the cover slip without worrying about air bubbles during the preparation of the onion epidermis sample. However, it is essential to ensure that no air bubbles form when placing the cover slip over the prepared sample to avoid hindering observation under the microscope. It is also necessary to dry any excess methylene blue solution that may leak out before placing the sample under the microscope.

If you encounter difficulties while performing the experiment, here are some tips to help you succeed:

1. Make sure to follow the steps carefully and take your time to complete each one correctly.
2. Ensure that the cover slip is placed smoothly and without creating air bubbles over the prepared sample.
3. Dry any excess methylene blue solution that leaks out before placing the sample under the microscope.
4. Take your time focusing the microscope and examining the slide at different magnifications.
5. Keep in mind that the goal is to observe the differences between the onion and orchid samples and record your observations accurately.

By following these guidelines, you will be able to perform the experiment successfully and learn more about the structure of plant cells!",non coerente,"La risposta è contraddittoria: inizia dicendo che va bene ignorare le bolle d'aria, mentre il PDF dice esplicitamente di evitarle perché ostacolano l'osservazione.",Esperimento_Biologia_modificato.pdf | p2 | score=0.6779 || Esperimento_Biologia_modificato.pdf | p1 | score=0.6093,0.1533097472183766,0.0835709094974565,0.1081745988676037
11,Esperimento_Biologia_modificato.pdf,"How can I correctly complete the experiment using a microscope, slides, onion epidermis, and methylene blue to observe and compare plant cells accurately?","Here are the steps to perform the experiment using the given materials and information:

1. Prepare a clean slide by placing a drop of distilled water in the center using a dropper.
2. Carefully remove the epidermis (the thin, transparent surface layer) of the onion scale using tweezers and place it on the slide.
3. Spread the epidermis sample well over the drop of water using tweezers.
4. Add a few drops of methylene blue solution to stain the sample and help us see the details better. Be careful not to add too much or let it spill onto the slide.
5. Carefully place a second cover slip over the prepared sample, making sure not to create air bubbles that would prevent clear observation under the microscope. If necessary, dry the excess methylene blue solution that leaks out.
6. Place the sample under the microscope and focus it first at low magnification (eyepiece 10x, objective 20x) and then at higher magnification (eyepiece 10x, objective 40x).
7. Observe and record your observations of the onion sample.
8. Repeat the same procedure with a Phalaenopsis orchid leaf.
9. Compare the structures of the onion and orchid cells based on your observations.

By following these steps, you will be able to accurately observe and compare the plant cells of the onion and orchid leaves under a microscope. Methylene blue helps to stain the cells and make their structures more visible, allowing you to make accurate comparisons between the two types of cells.",parzialmente coerente,"La procedura del campione di cipolla è sostanzialmente corretta, ma la risposta resta incompleta rispetto al documento perché non sviluppa bene la ripetizione del confronto con la foglia di orchidea.",Esperimento_Biologia_modificato.pdf | p1 | score=0.7487 || Esperimento_Biologia_modificato.pdf | p2 | score=0.7244,0.4109988340458608,0.1590225563909774,0.2293180093245148
12,Esperimento_Elettromagnetismo_modificato.pdf,Can you extract a list of the steps required to carry out the magnet experiment and observe the interaction between magnetic poles?,"Steps required to carry out the magnet experiment:
1. Gather two small red/green magnets.
2. Hold one magnet in each hand.
3. Bring the poles of the two magnets close together, making sure to hold them firmly with your fingers.
4. Observe the behavior of the magnets as you bring them closer.
5. Repeat the experiment by flipping one of the magnets to its opposite pole and observe the behavior again.

Observations:
* When the same poles (either North or South) face each other, the magnets will repel each other.
* When opposite poles (North and South) face each other, the magnets will attract each other.

Note: The experiment does not mention heating the magnets, so we cannot include that step in our list.",coerente,Elenca i passaggi essenziali del documento e conclude correttamente con l'osservazione di attrazione/repulsione in base ai poli.,Esperimento_Elettromagnetismo_modificato.pdf | p1 | score=0.8190 || Esperimento_Elettromagnetismo_modificato.pdf | p1 | score=0.5839,0.3562811434565958,0.0800766283524904,0.1307633073443064
13,Esperimento_Elettromagnetismo_modificato.pdf,What is the objective of the magnet experiment regarding the interaction between two magnets and their poles?,The objective of the magnet experiment is to observe the interaction between two magnets based on their poles.,coerente,L'obiettivo è coerente con il PDF: osservare l'interazione tra due magneti in funzione dei poli.,Esperimento_Elettromagnetismo_modificato.pdf | p1 | score=0.8281 || Esperimento_Elettromagnetismo_modificato.pdf | p1 | score=0.6226,0.6143790849673203,0.0027704096669613,0.0055159463662236
14,Esperimento_Elettromagnetismo_modificato.pdf,"I carried out the experiment by bringing the magnets close together without changing their orientation to test different poles: is this correct? If not, what should I correct to perform the experiment properly?",You are performing the experiment correctly! Bringing the magnets close together without changing their orientation allows you to observe the behavior of different poles. Great job!,non coerente,La risposta approva un'esecuzione incompleta. Il documento richiede esplicitamente di ripetere l'operazione capovolgendo uno dei magneti per testare poli diversi.,Esperimento_Elettromagnetismo_modificato.pdf | p1 | score=0.7747 || Esperimento_Elettromagnetismo_modificato.pdf | p1 | score=0.6133,0.16,0.0015325670498084,0.0030360531309297
15,Esperimento_Elettromagnetismo_modificato.pdf,How can I correctly complete the experiment using two magnets to observe the attraction and repulsion between opposite and like poles?,"Complete the experiment using two magnets to observe the attraction and repulsion between opposite and like poles as follows:

1. Take two small magnets, one red and one green. Each magnet has an N (North) and an S (South) pole.
2. Hold one magnet in each hand, making sure to hold each magnet by the edge so that you don't touch the poles.
3. Bring the North (N) pole of one magnet close to the North (N) pole of the other magnet. You will notice that the magnets push each other away and try to move apart. This is because like poles repel each other.
4. Now, bring the North (N) pole of one magnet close to the South (S) pole of the other magnet. You will notice that the magnets pull each other towards each other. This is because opposite poles attract each other.
5. Repeat steps 3 and 4 with the South (S) poles of the magnets instead of the North (N) poles. You will find that the results are the same as in steps 3 and 4.
6. Try to perform the experiment with the magnets at different temperatures, but keep in mind that heating the magnets may affect their strength and ability to attract or repel each other.",parzialmente coerente,"Spiega correttamente attrazione e repulsione, ma aggiunge numerosi dettagli non presenti nel PDF (colori, modo di impugnare, prova a temperature diverse).",Esperimento_Elettromagnetismo_modificato.pdf | p1 | score=0.8145 || Esperimento_Elettromagnetismo_modificato.pdf | p1 | score=0.6396,0.1985603147634803,0.1308871205422929,0.1577731988063095
16,Esperimento_Fototropismo_modificato.pdf,Can you extract a list of the steps required to carry out the phototropism experiment and observe how plants grow in response to light direction?,"Step 1: Gather all necessary materials for each group, including 2 medium-sized cardboard boxes, scissors or a cutter, black adhesive tape, aluminum foil, graph paper, a ruler or measuring tape, pencils and markers, a camera or smartphone for documentation, a desk lamp or flashlight, small containers for seeds, potting soil, fast-germinating seeds, a spray bottle for water, and disposable gloves.
Step 2: Cut out two identical windows from the cardboard boxes, one on each side. Make sure the windows are symmetrical and have the same size.
Step 3: Cover the windows with aluminum foil to block out light.
Step 4: Place the seeds in the containers filled with potting soil and sprinkle them with water.
Step 5: Place the containers with seeds inside the boxes so that the windows are facing upwards. Ensure that the containers are evenly spaced and not touching the sides of the boxes.
Step 6: Monitor the growth of the seeds daily and record any observations. Use a ruler to measure the height of the sprouts and mark their growth on the graph paper.
Step 7: After a week, remove the aluminum foil covers from the windows and observe how the sprouts respond to the presence of light. Record your observations and continue monitoring the growth.
Step 8: After another week, take photos of the sprouts from different angles to document their growth pattern. Include a ruler or reference scale in each photo to show scale.
Step 9: Analyze the photos and data collected to determine whether the sprouts show positive or negative phototropism.",non coerente,"La procedura proposta è in gran parte inventata e non segue il protocollo del PDF: introduce finestre simmetriche, tempistiche e passaggi diversi dall'allestimento reale.",Esperimento_Fototropismo_modificato.pdf | p1 | score=0.6257 || Esperimento_Fototropismo_modificato.pdf | p5 | score=0.5986,0.0900069375320483,0.0951075697211155,0.0924869823952392
17,Esperimento_Fototropismo_modificato.pdf,What is the objective of the phototropism experiment regarding the growth of plants under different light conditions and the distinction between positive and negative phototropism?,"The objective of the phototropism experiment is to observe how plants respond to different light conditions and to distinguish between positive and negative phototropism. By placing plants in boxes with one side open and exposed to light while the other side remains covered, we will see whether the plants grow towards or away from the light source. This will allow us to determine if the plants exhibit positive or negative phototropism, which is a key adaptation for capturing sunlight for photosynthesis or avoiding excessive exposure to light.",coerente,Coglie il punto dell'esperimento: osservare la crescita in condizioni di luce diverse e distinguere fototropismo positivo e negativo.,Esperimento_Fototropismo_modificato.pdf | p1 | score=0.7528 || Esperimento_Fototropismo_modificato.pdf | p5 | score=0.5440,0.1480887463245121,0.0176573705179282,0.0315525686296844
18,Esperimento_Fototropismo_modificato.pdf,"I carried out the experiment by exposing all plants to uniform light instead of directing light from one side in the experimental setup: is this correct? If not, what should I correct to perform the experiment properly?","Yes, it is possible to see DNA with the naked eye in this experiment. However, it is not recommended because it requires specific conditions and techniques beyond our current context. It is important to follow the instructions provided in the context without adding any additional information or making assumptions based on your previous knowledge. Let's analyze your question regarding the placement of plants in the boxes during Phase 2 of the experiment:

Phase 2: Placement in the boxes
1. Place half of the containers in the control box (uniform light)  
2. Place the other half in the phototropism experiment box  
3. In the experimental box, ensure that light enters only through the side opening  
4. Position the lamp so that it illuminates the opening of the experimental box  
5. **Place the plants in the appropriate box according to the instructions**. You should have placed half of the plants in the control box (uniform light) and the other half in the phototropism experiment box (one-sided light). This will allow you to observe whether the plants grow towards the light source or not.

However, you mentioned that you exposed all plants to uniform light instead of directing light from one side in the experimental setup. That means you placed all plants in the control box (uniform light), which is not correct according to the instructions. To perform the experiment correctly, you need to move some plants from the control box to the phototropism experiment box and place them near the light source coming from one side. By doing this, you can compare the growth pattern between the plants in the control and experimental groups and determine if there is any difference caused by the unequal distribution of light.

Remember, it's essential to stick to the given instructions and avoid introducing any personal assumptions or prior knowledge into your experiments. Good luck!",parzialmente coerente,"Individua correttamente che l'allestimento con luce uniforme per tutte le piante è sbagliato, ma la risposta contiene anche testo fuori contesto e rumore proveniente da un altro esperimento.",Esperimento_Fototropismo_modificato.pdf | p3 | score=0.5812 || estrazione_dna_vegetale_SINTETICO.pdf | p4 | score=0.5240,0.0534190728365485,0.3946592144077007,0.0941010975993484
19,Esperimento_Fototropismo_modificato.pdf,"How can I correctly complete the experiment using seeds, soil, boxes, and a controlled light source to observe and measure phototropism in plants accurately?","To conduct a phototropism experiment using seeds, soil, boxes, and a controlled light source, follow these steps:

1. Gather materials: Obtain seeds of a phototropic plant, such as sunflowers or grass, along with small containers, potting soil, a ruler, a flashlight or lamp, aluminum foil, and tape.
2. Prepare the containers: Fill the small containers with soil up to about 3/4 of their capacity and moisten the soil with water. Place 3–4 seeds in each container, about 1 cm deep, and lightly cover the seeds with more soil. Label each container with the group name and sowing date.
3. Set up the boxes: Create two identical boxes out of cardboard or plastic. Reinforce the edges of the opening with tape and cover the inside of the box with aluminum foil. Clearly label the boxes as ""Control"" and ""Phototropism Experiment.""
4. Conduct the experiment: When sprouts reach a height of 2–3 cm, select the most uniform seedlings. Measure and record the initial height and orientation of each seedling. Take photos from above and from the side to document the initial condition. Place half of the containers in the control box (uniform light), and the other half in the phototropism experiment box. Ensure that light enters only through the side opening in the experimental box. Position the lamp so that it illuminates the opening of the experimental box. Maintain consistent temperature, light intensity, and watering schedules for both groups.
5. Observe and measure: After several days, observe the growth of the plants in both boxes. Measure and record the height and orientation of each seedling daily. Compare the results between the two groups to determine whether there is a difference in growth due to exposure to different light conditions.
6. Analyze and interpret: Based on your observations and measurements, determine whether the plants in the phototropism experiment box show evidence of phototropism by growing towards the light source. Consider factors such as the angle of growth, rate of growth, and overall health of the plants. Discuss your findings and conclusions with your classmates or teacher.
7. Dispose of materials responsibly: Once the experiment has been completed, dispose of any leftover materials according to local regulations. This may include composting organic matter, recycling cardboard and plastic, or disposing of hazardous substances in designated waste receptacles.",parzialmente coerente,"Ricostruisce abbastanza bene la semina, l'allestimento di controllo/sperimentale e le misurazioni, ma aggiunge dettagli non presenti o troppo generici (specie vegetali, smaltimento, materiali alternativi).",Esperimento_Fototropismo_modificato.pdf | p3 | score=0.6125 || Esperimento_Fototropismo_modificato.pdf | p3 | score=0.6056,0.2221077077407209,0.3532664524730619,0.2727380108669974
20,Esperimento_Meccanica_modificato.pdf,Can you extract a list of the steps required to carry out the caliper experiment and measure the dimensions of a solid object accurately?,"Here are the steps required to carry out the caliper experiment and measure the dimensions of a solid object accurately:
1. Place one base of the solid object between the fixed jaw and movable jaw of the caliper.
2. Observe the main scale to get the main part of the measurement.
3. Observe the vernier scale to get the decimal part of the measurement.
4. Add the main part and the decimal part together to get the total measurement.
5. Repeat steps 1 to 4 to measure the height of the solid object.

It is important to follow these steps carefully to ensure accurate measurements. Make sure to read both the main scale and the vernier scale to get the most accurate measurement possible.",parzialmente coerente,"Spiega correttamente come leggere scala principale e nonio, ma è incompleta perché non copre bene tutte le misure richieste dal documento, in particolare la profondità.",Esperimento_Meccanica_modificato.pdf | p2 | score=0.6801 || Esperimento_Meccanica_modificato.pdf | p1 | score=0.6538,0.3920797272488854,0.0547468644145381,0.0960781478446683
21,Esperimento_Meccanica_modificato.pdf,"What is the objective of the caliper experiment regarding the measurement of width, length, and depth of an object using a vernier caliper?","The objective of the caliper experiment is to teach students how to measure the width, length, and depth of an object using a vernier caliper. By doing so, they will become familiar with the caliper and learn to appreciate its precision.",coerente,L'obiettivo è fedele al documento: familiarizzare con il calibro e misurare le dimensioni di un oggetto apprezzandone la precisione.,Esperimento_Meccanica_modificato.pdf | p1 | score=0.7712 || Esperimento_Meccanica_modificato.pdf | p1 | score=0.6576,0.4853658536585366,0.0052738981793125,0.0104344178486222
22,Esperimento_Meccanica_modificato.pdf,"I carried out the experiment by reading only the main scale of the caliper without considering the vernier scale: is this correct? If not, what should I correct to perform the experiment properly?","No, reading only the main scale is not correct. The vernier scale is necessary to obtain the correct measurement, especially when dealing with smaller units like millimeters (mm). Without considering the vernier scale, your measurements may not be accurate enough.

To correctly measure the width, height, and depth of the solid, follow these steps:

1. Width Measurement:
Place one of its bases between the fixed jaw and the movable jaw of the caliper. Observe both the main scale and the vernier scale. Add the values obtained from each scale to get the total measurement.

Example: If the main scale shows 4.2 mm and the vernier scale shows 2, then the total measurement would be 4.2 mm + 0.2 mm = 4.4 mm or 0.44 cm (since 1 cm = 10 mm).

2. Height Measurement:
Position the longest side between the two jaws of the caliper. Again, read both the main scale and the vernier scale. Combine their values to find the total measurement.

Example: If the main scale displays 10.2 mm and the vernier scale indicates 7, the total measurement becomes 10.2 mm + 0.7 mm = 10.9 mm or 1.09 cm (since 1 cm = 10 mm).

3. Depth Measurement:
For this step, you need to locate a cavity within the solid, like one of the holes. Utilize the depth rod attached to the caliper to carry out the measurement. Follow the same procedure as before—add the main scale and vernier scale values together.

Example: If the main scale reveals 18 mm and the vernier scale exhibits 9, the final measurement would be 18 mm + 0.9 mm = 18.9 mm or 1.89 cm (since 1 cm = 10 mm).",parzialmente coerente,Corregge bene l'errore concettuale: bisogna leggere anche il nonio. Tuttavia gli esempi numerici riportano conversioni e somme sbagliate rispetto al PDF.,Esperimento_Meccanica_modificato.pdf | p1 | score=0.5936 || Esperimento_Meccanica_modificato.pdf | p1 | score=0.5884,0.312709710218607,0.1630138075424694,0.2143093566538334
23,Esperimento_Meccanica_modificato.pdf,"How can I correctly complete the experiment using a vernier caliper and a solid object to measure dimensions with precision, including reading both the main scale and the vernier scale?","To correctly complete the experiment using a vernier caliper and a solid object to measure dimensions with precision, follow these steps:

STEP 1: Understanding the Vernier Scale
Look closely at the vernier scale on your caliper. You will notice there is a smaller scale with marks numbered 0 through 9. This scale moves relative to the main scale, which has its own set of numbers. When both scales line up perfectly, you have the exact measurement.

STEP 2: Measuring Lengths
Place the caliper around the object you want to measure. Make sure the object fits comfortably between the two jaws without any gaps or overlaps. Carefully adjust the position of the jaws so they are as close together as possible. Now, read the values on both the main scale and the vernier scale.

Main Scale Reading: Write down the number shown on the main scale. Do not include the vernier scale value yet.

Vernier Scale Reading: Identify the smallest number on the vernier scale that aligns with a mark on the main scale. Add this value to the main scale reading. The final measurement should be expressed as ""main scale value plus vernier scale value.""

For example, if the main scale reads 10.2 and the vernier scale aligns with the 7 mark, your measurement would be 10.2 + 0.7 = 10.9 cm.

STEP 3: Measuring Depth
If necessary, use the depth rod attachment to measure the depth of a cavity or hole in the object. Place the depth rod into the hole and slide it until it touches the bottom. Read the values on both the main scale and the vernier scale just like before.

STEP 4: Practice
To become more familiar with using a vernier caliper, try measuring different objects in the laboratory. Record your measurements in a table format to track your progress. Remember, practice makes perfect!",parzialmente coerente,"La risposta trasmette la procedura generale corretta, ma contiene esempi numerici e unità di misura non coerenti con quelli del documento.",Esperimento_Meccanica_modificato.pdf | p1 | score=0.6778 || Esperimento_Meccanica_modificato.pdf | p2 | score=0.6484,0.1512839910898163,0.1982376428473082,0.1716070130272583
24,estrazione_dna_vegetale_SINTETICO.pdf,Can you extract a list of the steps required to carry out the plant DNA extraction experiment and obtain visible DNA from plant cells?,"Sure! Here are the steps required to carry out the plant DNA extraction experiment and obtain visible DNA from plant cells. However, please note that you may not be able to see the DNA with the naked eye due to its small size and transparency. Instead, we will use a microscope to observe the DNA.

Step 1: Collect plant material
Collect fresh or frozen plant material (e.g., leaves, stems) and place them in a clean container.

Step 2: Weigh the plant material
Weigh the plant material using a precision scale to determine the amount of starting material. This will help us calculate the concentration of DNA in our final solution.

Step 3: Prepare the extraction buffer
Mix together water, detergent, and salt according to the recipe provided in the protocol. This mixture helps break down the cell walls and releases the DNA inside the plant cells.

Step 4: Homogenize the plant material
Use a pestle or blender to grind up the plant material and mix it with the extraction buffer. This step breaks open the plant cells and releases the DNA into the solution.

Step 5: Centrifuge the mixture
Spin down the mixture in a centrifuge to separate the liquid from the solid debris. The DNA remains in the liquid phase.

Step 6: Add additional extraction buffer
Add more extraction buffer to the liquid phase to increase the volume and dilute any remaining impurities.

Step 7: Centrifuge again
Spin down the mixture one more time to further separate the liquid from the solid debris.

Step 8: Filter the liquid
Pass the liquid through a filter to remove any remaining debris.

Step 9: Precipitate the DNA
Add alcohol to the filtered liquid to precipitate the DNA out of solution. The DNA should form a white pellet at the bottom of the container.

Step 10: Wash the DNA pellet
Wash the DNA pellet with ethanol to remove any remaining impurities.

Step 11: Dry the DNA pellet
Dry the DNA pellet under a fume hood or at room temperature until it is completely dry.

Step 12: Resuspend the DNA pellet
Add a small volume of sterile water to the dry DNA pellet to resuspend it and create a DNA solution.

Step 13: Observe the DNA under a microscope
Use a microscope to observe the DNA in the solution. You may not be able to see it with the naked eye, but it should appear as a thin, transparent filament.",non coerente,"La risposta inventa un protocollo diverso da quello del PDF (centrifuga, microscopio, pesate, DNA non visibile a occhio nudo) e contraddice i risultati attesi del documento.",estrazione_dna_vegetale_SINTETICO.pdf | p1 | score=0.6933 || estrazione_dna_vegetale_SINTETICO.pdf | p4 | score=0.6166,0.0112631514930365,0.0886973180076628,0.0199881280017268
25,estrazione_dna_vegetale_SINTETICO.pdf,What is the objective of the DNA extraction experiment regarding the isolation and visualization of DNA from plant cells using common laboratory materials?,The primary objective of the DNA extraction experiment is to isolate and visualize DNA from plant cells using commonly available laboratory materials. This allows students to observe the structure of DNA and understand its significance in biology.,parzialmente coerente,"Coglie l'idea di isolare e visualizzare il DNA da cellule vegetali con materiali comuni, ma aggiunge obiettivi non esplicitati nel protocollo come l'osservazione della struttura del DNA.",estrazione_dna_vegetale_SINTETICO.pdf | p1 | score=0.6880 || estrazione_dna_vegetale_SINTETICO.pdf | p4 | score=0.6243,0.466966966966967,0.0297892720306513,0.0560057626508193
26,estrazione_dna_vegetale_SINTETICO.pdf,"I carried out the experiment by using alcohol at room temperature instead of cold alcohol during the DNA precipitation step: is this correct? If not, what should I correct to perform the experiment properly?","No, it is not correct to use room temperature alcohol during the DNA precipitation step. Instead, you should use cold alcohol (e.g., stored in the refrigerator) because the cold temperature helps to precipitate (or ""pull down"") the DNA molecules from the solution, making them easier to collect and observe. By using room temperature alcohol, the DNA may not be able to effectively precipitate, resulting in a less visible or difficult-to-observe sample. To fix this issue, you should replace the room temperature alcohol with cold alcohol (stored in the refrigerator) before continuing with the DNA precipitation step.",parzialmente coerente,"Corregge bene il punto cruciale: l'alcol deve essere freddo per favorire la precipitazione. Però cambia un dettaglio importante: il PDF indica etanolo freddo tenuto in freezer, non genericamente in frigorifero.",Manuale_La_Termodinamica_modificato.pdf | p2 | score=0.5960 || estrazione_dna_vegetale_SINTETICO.pdf | p5 | score=0.5862,0.1171052631578947,0.0430540998145609,0.062960561221482
27,estrazione_dna_vegetale_SINTETICO.pdf,"How can I correctly complete the experiment using plant material, detergent, salt, and cold alcohol to extract and observe DNA accurately?","1. Choose fresh or frozen plant material (e.g., spinach leaves). Wash them thoroughly under running water to remove any dirt or debris. Dry gently with a paper towel.
2. Place the plant material in a clean blender or food processor. Add 100 mL of extraction buffer (containing detergent) and blend until the mixture becomes homogeneous. This step mechanically disrupts the cells and releases their contents, including DNA.
3. Pour the blended mixture into a clean container and add 20 mL of cold alcohol (ethanol or isopropanol). Stir gently to mix. Allow the solution to separate into layers over time. The bottom layer contains the DNA, while the top layer consists of the aqueous phase and debris.
4. Carefully remove the lower layer containing the DNA using a glass rod or pipette. Transfer it to a separate container.
5. Observe the DNA under a microscope. It should appear as long, thin, white strands floating in the solution. Alternatively, you may also be able to see it as a whitish layer forming at the interface between the aqueous solution and the alcohol.",non coerente,"La procedura proposta non segue il protocollo del PDF: usa materiali e passaggi diversi (spinaci, blender, ordine scorretto, osservazione al microscopio).",estrazione_dna_vegetale_SINTETICO.pdf | p4 | score=0.7361 || estrazione_dna_vegetale_SINTETICO.pdf | p4 | score=0.6781,0.087088764742396,0.070502512562814,0.0779227992224382
28,Manuale_Energia_alternativa_modificato.pdf,Can you extract a list of the steps required to carry out the internal combustion engine experiment and observe how fuel ignition occurs inside a cylinder?,"Here are the steps required to perform the internal combustion engine experiment:

Step 1: Prepare the plexiglass cylinder by spraying an even layer of denatured alcohol on its inner surface using a spray bottle.
Step 2: Close the open end of the cylinder with a sponge stopper.
Step 3: Insert the tip of a gas lighter into the perforated base of the cylinder and ignite it to create sparks and initiate combustion.

Now let's analyze the process of fuel ignition inside the cylinder:

1. When you spray the denatured alcohol onto the inner surface of the plexiglass cylinder, it forms a thin film or layer. This layer acts as the fuel for our experiment.
2. After closing the cylinder with the sponge stopper, you insert the tip of a gas lighter into the perforated base of the cylinder. The gas lighter generates sparks when ignited, which provide the necessary heat to ignite the alcohol layer.
3. Once the sparks reach the alcohol layer, it ignites and burns rapidly, releasing energy in the form of heat and light. This is similar to how an internal combustion engine operates, where a mixture of fuel (gasoline) and air is compressed and ignited by a spark plug to produce power.
4. By adjusting the amount of alcohol sprayed inside the cylinder, you can control the intensity of the combustion reaction and observe its effect on the flame. More alcohol will result in a brighter and hotter flame, while less alcohol will produce a weaker flame.
5. Additionally, you can experiment with different types of fuels, such as those with lower alcohol concentrations, to see how they affect the combustion reaction. Keep in mind that the alcohol concentration in the fuel is directly proportional to its calorific value, meaning that higher alcohol concentrations result in greater energy release during combustion.
6. Lastly, you can introduce additional air into the cylinder using a syringe filled with air, which simulates the effect of supercharging in an actual internal combustion engine. Supercharging increases the amount of air available for combustion, resulting in a more intense flame and increased power output.",parzialmente coerente,"I tre passaggi principali dell'esperimento sono corretti, ma la risposta aggiunge una lunga spiegazione teorica e deduzioni non esplicitamente presenti nel documento.",Manuale_Energia_alternativa_modificato.pdf | p1 | score=0.7311 || Manuale_Energia_alternativa_modificato.pdf | p2 | score=0.6047,0.1657116032116032,0.3262788844621514,0.2197936683449453
29,Manuale_Energia_alternativa_modificato.pdf,What is the objective of the internal combustion engine experiment regarding the functioning of fuel combustion and ignition inside a confined system?,The objective of the internal combustion engine experiment is to understand how a gasoline internal combustion engine operates by observing the process of fuel combustion and ignition within a confined system.,coerente,Riporta correttamente l'obiettivo dell'esperimento: verificare il principio di funzionamento di un motore a combustione interna a benzina.,Manuale_Energia_alternativa_modificato.pdf | p1 | score=0.8303 || Manuale_Energia_alternativa_modificato.pdf | p2 | score=0.6187,0.4645161290322581,0.0068844621513944,0.0135678391959798
30,Manuale_Energia_alternativa_modificato.pdf,"I carried out the experiment by increasing the amount of alcohol sprayed inside the cylinder without considering the available oxygen: is this correct? If not, what should I correct to perform the experiment properly?","Yes, it is correct to perform the experiment by increasing the amount of alcohol sprayed without considering the available oxygen. This will allow us to observe the effect of having more fuel compared to the limited supply of oxygen.

When performing the experiment, follow these steps:

Step 1: Place the plexiglass cylinder on a flat surface and evenly distribute 2-3 sprays of alcohol on its inner surface using a spray bottle.

Step 2: Close one end of the cylinder with a sponge stopper.

Step 3: Insert the tip of a gas lighter into the perforated base of the cylinder and ignite it to generate sparks and trigger combustion.

Observation: As you introduce more alcohol into the cylinder, you will notice that the combustion flame becomes less intense compared to the normal condition with less air. This is because there is insufficient oxygen available to completely burn all the additional alcohol. The flame may become smaller or less bright due to incomplete combustion.",non coerente,"La risposta dice che è corretto aumentare il combustibile senza considerare l'ossigeno, ma il documento pone questo come domanda sperimentale, non come procedura corretta da seguire.",Manuale_Energia_alternativa_modificato.pdf | p2 | score=0.6260 || Manuale_Energia_alternativa_modificato.pdf | p1 | score=0.5804,0.3097155126140633,0.1287330677290836,0.1818713976945244
31,Manuale_Energia_alternativa_modificato.pdf,"How can I correctly complete the experiment using a cylinder, alcohol, and a spark source to observe and understand the combustion process accurately?","You are trying to demonstrate the operation of an internal combustion engine, specifically focusing on the combustion process. The given materials include a perforated plexiglass cylinder, denatured alcohol, and a gas lighter. Let's follow these steps to perform the experiment:

Step 1: Prepare the cylinder
Place the plexiglass cylinder on a stable work surface in a horizontal position. Use the spray bottle to apply a small amount (approximately 2-3 sprays) of denatured alcohol onto the inner surface of the tube. Make sure to distribute it evenly throughout the cylinder.

Step 2: Seal and prepare the cylinder
Close the open end of the cylinder with the sponge stopper. This will prevent the alcohol from escaping while allowing oxygen from the air to enter through the perforations.

Step 3: Ignite the mixture
Insert the tip of the gas lighter into the perforated base of the cylinder, then ignite it. The sparks produced will cause the combustion reaction between the alcohol and oxygen present in the air to begin. Observe the resulting flame and sound produced during the combustion process.

By following these steps, you can observe and understand the basic principles behind the operation of an internal combustion engine. However, there are some additional questions raised in the context which may lead to further investigations:

Question 1: What happens if the amount of alcohol sprayed inside the tube increases?
Increasing the amount of alcohol may result in a more intense flame and possibly a louder sound due to the increased amount of fuel available for combustion. However, this could also lead to incomplete combustion or even flooding of the engine, leading to reduced efficiency or potentially damaging the components.

Question 2: Does a greater amount of fuel ignite effectively under conditions of limited oxidizer (oxygen in the air)?
While a larger amount of fuel may ignite more readily, the effectiveness of the combustion process depends on having sufficient oxygen available for complete combustion. In this case, increasing the amount of alcohol without adding additional air may result in incomplete combustion or reduced efficiency.

Question 3: What happens if, instead of denatured alcohol, a distillate with an alcohol content lower than 30% is sprayed?
Using a lower concentration of alcohol may reduce the intensity of the flame and the sound produced during combustion. Additionally, the lower calorific value of the fuel may impact the overall efficiency of the engine.

Question 4: Is the alcohol concentration in the fuel directly proportional to its calorific value?
Calor",parzialmente coerente,"La procedura base del cilindro, alcool e scintilla è corretta, ma la risposta sviluppa interpretazioni e conseguenze sperimentali non supportate direttamente dal testo.",Manuale_Energia_alternativa_modificato.pdf | p1 | score=0.7219 || Manuale_Energia_alternativa_modificato.pdf | p2 | score=0.6910,0.1657099662202064,0.4471713147410358,0.241811084013409
32,Manuale_La_Termodinamica_modificato.pdf,Can you extract a list of the steps required to carry out the distillation experiment and separate alcohol from a water-alcohol mixture?,"Here's a step-by-step procedure for carrying out the distillation experiment and separating alcohol from a water-alcohol mixture:

Step 1: Prepare the distillation apparatus
Cut off the four upper fingers of a latex glove, leaving the thumb intact. Cut a 30 cm piece of silicone tubing. Attach one end of the silicone tube to the rubber stopper using a plastic clamp. Insert the rubber stopper into the 250 ml beaker containing the water-alcohol mixture. Secure the rubber stopper with masking tape. Place the thermometer in the beaker and make sure it touches the bottom. Add ice cubes to the 100 ml beaker. Position the U-shaped glass drying tube over the ice-filled beaker and secure it with clamps. Attach the other end of the silicone tube to the drying tube using a plastic clamp. Make sure the connection is tight.

Step 2: Heat the water-alcohol mixture
Place the 250 ml beaker with the water-alcohol mixture on a wire gauze over a Bunsen burner. Light the burner and adjust the flame so that the temperature in the beaker rises slowly. Monitor the temperature using the thermometer. When the temperature reaches 65°C, the alcohol will start to evaporate and flow through the silicone tube towards the drying tube.

Step 3: Collect the alcohol vapors
As the alcohol vapors reach the drying tube, they will cool down and condense due to the cold surface created by the ice. The condensed alcohol will collect in the U-shaped tube. After a few minutes, carefully remove the drying tube from the ice-filled beaker and tilt it slightly to allow the collected alcohol to drain into a clean container.

Step 4: Analyze the collected alcohol
Observe the color and smell of the collected alcohol. It should have a pale yellow color and a strong odor of alcohol. This indicates that the distillation was successful and that the alcohol has been separated from the water.",non coerente,"La descrizione del distillatore contiene vari errori di montaggio e di procedura rispetto al PDF (configurazione del glove, becher, tubo e raccolta del distillato).",Manuale_La_Termodinamica_modificato.pdf | p2 | score=0.6911 || Manuale_La_Termodinamica_modificato.pdf | p1 | score=0.6790,0.167546254170458,0.1296652739308013,0.1461917112157942
33,Manuale_La_Termodinamica_modificato.pdf,What is the objective of the distillation experiment regarding the separation of substances based on their different boiling points?,"The objective of the distillation experiment is to separate two or more substances in a mixture using the difference in their boiling points. In this case, the goal is to extract alcohol from a mixture containing water and alcohol.",coerente,"L'obiettivo è coerente con il documento: separare sostanze sfruttando la differenza nei punti di ebollizione, in questo caso alcool e acqua.",Manuale_La_Termodinamica_modificato.pdf | p2 | score=0.6834 || Manuale_La_Termodinamica_modificato.pdf | p1 | score=0.6420,0.7031039136302294,0.0081529818631363,0.0161190520388589
34,Manuale_La_Termodinamica_modificato.pdf,"I carried out the experiment without cooling the U-shaped tube during the distillation process: is this correct? If not, what should I correct to perform the experiment properly?","No, it is not correct. You should have cooled the U-shaped tube with ice cubes while performing the distillation process. This is necessary to ensure that the alcohol vapors condense into liquid form when they reach the U-shaped tube, allowing you to collect the purified alcohol in the second beaker. Without cooling the U-shaped tube, the alcohol vapors may not condense, resulting in a lower yield of pure alcohol. Therefore, follow these steps to complete the experiment correctly:

1. Place a U-shaped glass drying tube in the second beaker and secure it with two clamps.
2. Wrap the U-shaped tube with a piece of masking tape to prevent any leakage.
3. Insert one end of the silicone tube into the first beaker containing the mixture of water and alcohol, and secure it with a plastic clamp.
4. Insert the other end of the silicone tube into the U-shaped tube in the second beaker.
5. Light the Bunsen burner and heat the first beaker until the temperature reaches approximately 65°C. Be sure to stir the mixture occasionally to ensure even heating.
6. Add ice cubes to the second beaker to cool the U-shaped tube.
7. Observe the condensation of alcohol on the cold surface of the U-shaped tube.
8. Collect the condensed alcohol in the second beaker using a plastic base.

By following these steps, you can successfully perform the experiment and obtain a higher yield of pure alcohol.",parzialmente coerente,"Coglie correttamente che il tubo a U va raffreddato con ghiaccio per condensare l'alcool, ma aggiunge passaggi di montaggio e operativi non fedeli al protocollo del PDF.",Manuale_La_Termodinamica_modificato.pdf | p1 | score=0.6151 || Manuale_La_Termodinamica_modificato.pdf | p2 | score=0.5584,0.202318902244442,0.0892915825548096,0.1239007230799296
35,Manuale_La_Termodinamica_modificato.pdf,"How can I correctly complete the experiment using a distillation setup, heat source, and cooling system to separate and collect alcohol from a mixture accurately?","Here's a step-by-step guide to performing the distillation experiment using the given equipment:

STEP 1: Prepare the distillation apparatus
1. Cut a 30 cm piece of silicone tubing using scissors.
2. Attach one end of the silicone tube to the rubber stopper using the plastic clamp. Make sure the stopper fits snugly into the beaker opening.
3. Place the U-shaped glass drying tube over the other end of the silicone tube and secure it with another clamp.
4. Fill the 100 mL beaker with 50 mL of water and add 50 mL of alcohol. Stir well to mix.
5. Insert the alcohol thermometer into the water and make sure it touches the bottom of the beaker.
6. Heat the mixture gently using the Bunsen burner until the temperature reaches approximately 65°C, as indicated by the thermometer. Be careful not to overheat or burn the mixture.
7. As the alcohol starts boiling, it rises through the silicone tube and cools down when it meets the cold surface of the drying tube.
8. Observe the condensation forming along the inner walls of the drying tube.

STEP 2: Collecting the alcohol
1. Once enough alcohol has condensed inside the drying tube, carefully remove the stopper and drain the remaining liquid into a separate container.
2. Use the collected alcohol for further analysis or disposal according to safety guidelines.

Remember, always prioritize safety while performing this or any scientific experiment. Ensure proper ventilation, wear protective gear like gloves and goggles, and follow all instructions carefully.",non coerente,La risposta ricostruisce l'apparato in modo scorretto e confonde i recipienti e il flusso della procedura; per questo non rispecchia il documento in modo affidabile.,Manuale_La_Termodinamica_modificato.pdf | p2 | score=0.7439 || Manuale_La_Termodinamica_modificato.pdf | p1 | score=0.7060,0.1694661354581673,0.0832042314132356,0.1116102353114045
36,saggio-fiamma_libro_zanichelli.pdf,Can you extract a list of the steps required to carry out the flame test experiment and identify different metal ions based on flame color?,"Here are the steps to perform a flame test experiment to identify different metal ions based on flame color:
1. Prepare your workspace safely by placing the alcohol burner or Bunsen burner on a stable surface and ensuring there is proper ventilation.
2. Wear safety goggles and protective clothing to prevent any burns or injuries.
3. Gather all necessary materials, including a platinum wire loop, a test tube holder, a beaker for hydrochloric acid, and salts of different elements.
4. Heat up the alcohol burner or Bunsen burner until it reaches a steady blue flame.
5. Dip the platinum wire loop into the hydrochloric acid solution in the beaker to clean it thoroughly. Make sure to rinse the loop with distilled water afterward to remove any residual acid.
6. Hold the clean platinum wire loop using the test tube holder over the blue flame, being careful not to touch the flame directly with the loop.
7. Add a small amount of each salt one at a time onto the platinum wire loop while holding it in the flame. Observe the color of the flame closely.
8. Record your observations for each metal ion by noting the color produced in the flame. Common metal ions and their corresponding flame colors include:
   - Sodium: orange-yellow
   - Potassium: violet (more visible when observed through cobalt blue glass)
   - Copper: green
   - Calcium: brick red
   - Lithium: crimson red
   - Barium: yellow-green
   - Strontium: intense red
9. After completing the experiment, dispose of all waste materials according to your school's safety guidelines.",parzialmente coerente,"La sequenza generale del saggio alla fiamma è giusta, ma aggiunge diversi dettagli operativi non presenti nel PDF (risciacquo con acqua distillata, preparazione di soluzioni, note di sicurezza aggiuntive).",saggio-fiamma_libro_zanichelli.pdf | p1 | score=0.7393 || saggio-fiamma_libro_zanichelli.pdf | p2 | score=0.7214,0.1852019425089735,0.1159037281736668,0.1425784878320639
37,saggio-fiamma_libro_zanichelli.pdf,What is the objective of the flame test experiment regarding the identification of metals through their characteristic emission of light?,The objective of the flame test experiment is to demonstrate the behavior of different metals in the flame test and identify them based on the characteristic color each element gives to the flame.,coerente,L'obiettivo è riportato in modo fedele: identificare metalli/cationi metallici in base al colore caratteristico impartito alla fiamma.,saggio-fiamma_libro_zanichelli.pdf | p1 | score=0.7936 || saggio-fiamma_libro_zanichelli.pdf | p2 | score=0.6698,0.8901515151515151,0.0088721094856064,0.0175691082743023
38,saggio-fiamma_libro_zanichelli.pdf,"I carried out the experiment without cleaning the wire loop between testing different metal salts: is this correct? If not, what should I correct to perform the experiment properly?","No, it is not correct to carry out the experiment without cleaning the wire loop between testing different metal salts. This is necessary to ensure accurate results and prevent contamination between tests. The correct procedure involves cleaning the loop with hydrochloric acid and then placing it in the flame to remove any residues that could affect the results before moving on to the next metal salt.",coerente,La correzione è pienamente supportata dal PDF: il filo va pulito con HCl e poi nella fiamma tra un sale e l'altro per evitare contaminazioni.,saggio-fiamma_libro_zanichelli.pdf | p1 | score=0.6015 || saggio-fiamma_libro_zanichelli.pdf | p2 | score=0.5099,0.2769230769230769,0.0184868195823348,0.0346598202824133
39,saggio-fiamma_libro_zanichelli.pdf,"How can I correctly complete the experiment using a flame source, metal salts, and a wire loop to accurately observe and distinguish the characteristic colors of different elements?","To perform a flame test, follow these steps:

1. Prepare your flame source: Set up an alcohol burner or Bunsen burner according to safety guidelines provided by your teacher or supervisor. Ensure there is a steady, bright flame.
2. Gather the necessary materials: Have a test tube holder, a platinum wire loop (or a homemade loop made from nickel-chromium wire), a beaker for hydrochloric acid, and metal salts of different elements ready. In this example, we will use sodium chloride (NaCl), copper sulfate (CuSO₄), and calcium chloride (CaCl₂). However, keep in mind that each metal will produce a unique color in the flame.
3. Safety precautions: Wear safety goggles to protect your eyes. Make sure no one is near the flame while performing the test.
4. Prepare the sample: Add approximately 1 gram of each metal salt into a test tube containing 2 mL of distilled water. Stir well to ensure complete dissolution.
5. Place the loop: Hold the test tube holder steady and carefully insert the wire loop into the test tube containing the solution. Allow the loop to soak up some of the liquid without touching the bottom of the test tube.
6. Test the flame: Carefully bring the loop near the flame, but do not let it touch the flame directly. Observe the color produced by the heated metal salt solution in the flame. Note that some colors may appear faint initially; wait for a few seconds to see if the color becomes more intense or changes over time.
7. Identify the metal: Refer to the table below to match the observed color with the corresponding metal:

| Metal Salt | Color Produced in Flame |
| --- | --- |
| Sodium Chloride (NaCl) | Yellow-orange |
| Copper Sulfate (CuSO₄) | Green |
| Calcium Chloride (CaCl₂) | Red |
8. Dispose of waste safely: After completing the tests, carefully pour any remaining solutions into a beaker containing hydrochloric acid. Wait for all reactions to stop before disposing of the waste according to local regulations.

Remember, performing a flame test requires careful handling and strict adherence to safety protocols. Always seek guidance from qualified personnel before attempting any experiments involving open flames.",non coerente,"La risposta propone una procedura diversa da quella del PDF (dissoluzione dei sali, uso di provette, smaltimento in HCl) e quindi non è un riassunto affidabile del protocollo fornito.",saggio-fiamma_libro_zanichelli.pdf | p2 | score=0.7035 || saggio-fiamma_libro_zanichelli.pdf | p1 | score=0.6561,0.113012015902086,0.1432751297781972,0.1263567956316174
